Date,Symbol,Series,Prev Close,Open Price,High Price,Low Price,Last Price,Close Price,Average Price,Total Traded Quantity,Turnover,No. of Trades,Deliverable Qty,% Dly Qt to Traded Qty,Month,Year,VWAP,Day_Perc_Change,Trend,ave,upper,lower
2017-05-15,SONATSOFTW,EQ,163.6,164.9,165.0,162.1,162.45,162.65,163.09,53383,8706165.55,1251,35924,67.29,5,2017,162.65000000000003,0.0,Slight or No change,,,
2017-05-16,SONATSOFTW,EQ,162.65,163.0,163.95,158.0,158.5,158.6,160.17,270635,43346778.55,5672,155739,57.55,5,2017,159.26725043053162,-0.02490009222256384,Slight or No change,,,
2017-05-17,SONATSOFTW,EQ,158.6,158.5,159.85,157.55,158.0,158.25,158.62,56955,9034082.85,1206,37437,65.73,5,2017,159.11517272877606,-0.002206809583858771,Slight or No change,,,
2017-05-18,SONATSOFTW,EQ,158.25,158.25,161.75,156.55,156.75,157.4,158.69,169341,26872646.85,3728,85633,50.57,5,2017,158.58738483847404,-0.005371248025276443,Slight or No change,,,
2017-05-19,SONATSOFTW,EQ,157.4,156.6,159.0,150.3,151.7,151.9,154.0,167554,25803272.65,2082,117644,70.21,5,2017,157.02651559896807,-0.03494282083862765,Slight or No change,,,
2017-05-22,SONATSOFTW,EQ,151.9,153.4,153.4,150.0,150.05,150.45,151.17,111525,16859640.15,3503,75527,67.72,5,2017,156.14219911429203,-0.009545753785385249,Slight or No change,,,
2017-05-23,SONATSOFTW,EQ,150.45,150.0,150.25,144.55,146.5,146.05,146.52,220787,32349931.1,6312,156354,70.82,5,2017,154.02044249557218,-0.029245596543702068,Slight or No change,,,
2017-05-24,SONATSOFTW,EQ,146.05,147.0,148.0,143.85,144.0,146.0,145.99,143541,20955344.85,2590,86947,60.57,5,2017,153.05601082665046,-0.000342348510784074,Slight or No change,,,
2017-05-25,SONATSOFTW,EQ,146.0,144.0,150.45,143.0,150.0,149.65,147.2,152779,22489070.0,3115,103014,67.43,5,2017,152.6695519123654,0.02500000000000013,Slight or No change,,,
2017-05-26,SONATSOFTW,EQ,149.65,150.0,153.0,146.6,149.45,149.65,148.98,166213,24762185.3,4221,101839,61.27,5,2017,152.33777134195316,0.0,Slight or No change,,,
2017-05-29,SONATSOFTW,EQ,149.65,151.6,152.7,148.0,149.9,148.6,150.28,97412,14638594.6,2008,67754,69.55,5,2017,152.11163748156196,-0.0070163715335784796,Slight or No change,,,
2017-05-30,SONATSOFTW,EQ,148.6,152.9,152.9,148.75,149.65,149.8,150.3,116285,17477665.15,2562,77761,66.87,5,2017,151.95593358472203,0.008075370121130687,Slight or No change,,,
2017-05-31,SONATSOFTW,EQ,149.8,149.7,152.05,147.6,150.0,148.95,149.57,138676,20742097.0,2583,100020,72.12,5,2017,151.73243137313773,-0.0056742323097465075,Slight or No change,,,
2017-06-01,SONATSOFTW,EQ,148.95,147.5,157.25,147.5,153.5,153.05,153.01,972944,148866179.5,10993,798433,82.06,6,2017,152.18412515019222,0.027526015441423413,Slight or No change,152.214,162.386,142.043
2017-06-02,SONATSOFTW,EQ,153.05,155.05,163.7,153.1,160.0,159.35,159.14,473285,75320366.85,10671,260370,55.01,6,2017,153.20834093101988,0.0411630186213654,Slight or No change,151.979,161.218,142.739
2017-06-05,SONATSOFTW,EQ,159.35,160.1,166.8,159.95,162.5,162.9,163.77,207187,33930200.95,4618,86285,41.65,6,2017,153.77903430209787,0.02227800439284611,Slight or No change,152.286,162.687,141.885
2017-06-06,SONATSOFTW,EQ,162.9,163.9,168.5,161.0,164.0,164.1,165.84,273667,45384942.6,5480,119759,43.76,6,2017,154.5238607377467,0.007366482504604033,Slight or No change,152.704,164.511,140.896
2017-06-07,SONATSOFTW,EQ,164.1,164.95,168.7,159.0,159.9,160.75,163.8,392254,64252314.75,6905,138758,35.37,6,2017,155.10750823948726,-0.02041438147471053,Slight or No change,152.943,165.284,140.601
2017-06-08,SONATSOFTW,EQ,160.75,162.3,162.3,157.25,158.5,158.45,158.78,86270,13698353.8,2992,47161,54.67,6,2017,155.1750281394612,-0.014307931570762156,Slight or No change,153.411,166.074,140.747
2017-06-09,SONATSOFTW,EQ,158.45,160.3,162.0,157.65,160.25,160.4,160.16,130731,20938125.75,3004,57083,43.66,6,2017,155.33022014011829,0.012306721363206208,Slight or No change,154.121,167.18,141.063
2017-06-12,SONATSOFTW,EQ,160.4,159.0,161.0,156.0,156.2,156.3,157.29,125785,19785272.65,2410,81667,64.93,6,2017,155.3571647233428,-0.025561097256857845,Slight or No change,154.854,167.086,142.621
2017-06-13,SONATSOFTW,EQ,156.3,156.3,157.45,153.35,155.0,154.15,155.1,128496,19929365.65,2826,90286,70.26,6,2017,155.3238473550193,-0.013755598208573305,Slight or No change,155.436,166.581,144.291
2017-06-14,SONATSOFTW,EQ,154.15,153.1,154.75,149.0,153.35,152.7,151.89,246320,37413033.8,4519,144695,58.74,6,2017,155.19200264176536,-0.009406422315926144,Slight or No change,155.654,166.424,144.883
2017-06-15,SONATSOFTW,EQ,152.7,152.0,153.0,149.5,150.55,150.5,151.22,128005,19357193.1,3300,89141,69.64,6,2017,155.07259981550806,-0.014407334643090963,Slight or No change,155.714,166.348,145.081
2017-06-16,SONATSOFTW,EQ,150.5,152.0,163.85,150.6,157.05,158.05,156.84,560532,87913904.15,7569,250487,44.69,6,2017,155.37112580989177,0.050166112956810734,Slight or No change,156.389,166.249,146.53
2017-06-19,SONATSOFTW,EQ,158.05,158.05,158.35,153.1,153.8,153.95,155.23,179646,27886253.5,5050,100106,55.72,6,2017,155.32688137931945,-0.02594115786143636,Slight or No change,156.686,165.922,147.45
2017-06-20,SONATSOFTW,EQ,153.95,153.25,155.3,152.6,154.15,153.95,153.95,138448,21313807.3,4073,90121,65.09,6,2017,155.29461914012256,0.0,Slight or No change,157.043,165.328,148.757
2017-06-21,SONATSOFTW,EQ,153.95,153.8,155.2,152.15,153.2,152.85,152.96,140085,21427430.45,4509,106974,76.36,6,2017,155.2380033134168,-0.007145177005521197,Slight or No change,157.029,165.344,148.713
2017-06-22,SONATSOFTW,EQ,152.85,153.95,155.25,151.5,152.5,152.25,153.25,114800,17593386.55,3416,72306,62.98,6,2017,155.18234978886326,-0.003925417075564264,Slight or No change,156.521,165.089,147.953
2017-06-23,SONATSOFTW,EQ,152.25,152.6,152.85,149.6,151.35,151.3,150.95,136992,20678531.25,3372,95696,69.86,6,2017,155.09793615873448,-0.006239737274220003,Slight or No change,155.693,163.837,147.549
2017-06-27,SONATSOFTW,EQ,151.3,151.55,152.9,149.1,149.8,149.85,150.34,59365,8924752.95,1596,39774,67.0,6,2017,155.04895050989813,-0.009583608724388792,Slight or No change,154.675,161.79,147.56
2017-06-28,SONATSOFTW,EQ,149.85,150.0,152.0,148.7,151.95,151.05,150.5,84122,12660682.55,2622,59889,71.19,6,2017,154.99674711593076,0.00800800800800805,Slight or No change,153.982,160.404,147.561
2017-06-29,SONATSOFTW,EQ,151.05,151.95,158.0,150.1,157.0,157.0,155.08,400652,62131387.8,8612,240178,59.95,6,2017,155.11400726725842,0.039390930155577486,Slight or No change,153.879,160.031,147.726
2017-06-30,SONATSOFTW,EQ,157.0,156.0,156.7,152.0,153.2,152.9,154.59,197273,30497270.05,5020,144527,73.26,6,2017,155.05198408252267,-0.026114649681528657,Slight or No change,153.343,158.224,148.462
2017-07-03,SONATSOFTW,EQ,152.9,153.9,157.15,153.05,155.5,155.7,155.16,233039,36157257.3,7382,180851,77.61,7,2017,155.07274192630533,0.018312622629169217,Slight or No change,153.3,158.078,148.522
2017-07-04,SONATSOFTW,EQ,155.7,156.0,156.0,151.9,152.25,152.4,153.21,170059,26054445.1,8356,130278,76.61,7,2017,155.011691396544,-0.021194605009633768,Slight or No change,153.175,157.949,148.401
2017-07-05,SONATSOFTW,EQ,152.4,153.4,163.9,152.5,162.8,163.0,160.18,1194379,191320378.35,21337,514380,43.07,7,2017,156.11605555904092,0.06955380577427818,Slight or No change,153.911,160.988,146.833
2017-07-06,SONATSOFTW,EQ,163.0,164.0,166.5,162.25,163.4,163.35,164.29,445995,73272495.2,8550,237659,53.29,7,2017,156.47116342596055,0.0021472392638035576,Slight or No change,154.829,163.213,146.444
2017-07-07,SONATSOFTW,EQ,163.35,162.7,164.7,162.0,162.6,162.45,163.15,128611,20983349.3,2799,77856,60.54,7,2017,156.55461706324311,-0.005509641873278293,Slight or No change,155.143,164.338,145.947
2017-07-10,SONATSOFTW,EQ,162.45,162.0,168.0,155.0,164.0,163.9,163.45,50403,8238428.7,537,33165,65.8,7,2017,156.59457951060352,0.0089258233302556,Slight or No change,155.854,166.127,145.58
2017-07-11,SONATSOFTW,EQ,163.9,163.4,169.2,161.55,163.25,163.15,166.49,477255,79457167.9,5283,219408,45.97,7,2017,156.91573615696504,-0.004575960951799907,Slight or No change,156.511,167.417,145.605
2017-07-12,SONATSOFTW,EQ,163.15,164.4,167.4,164.1,165.75,165.8,165.6,196458,32533905.9,2980,110075,56.03,7,2017,157.0913609724311,0.016242721422004225,Slight or No change,157.436,169.17,145.702
2017-07-13,SONATSOFTW,EQ,165.8,166.0,167.6,163.5,164.15,163.95,164.77,133566,22007748.3,3889,91800,68.73,7,2017,157.1823168260405,-0.011158021712907251,Slight or No change,158.271,170.081,146.462
2017-07-14,SONATSOFTW,EQ,163.95,164.8,165.5,159.3,161.15,160.7,162.4,165381,26858512.35,4166,118097,71.41,7,2017,157.23914527085873,-0.019823116803903584,Slight or No change,158.943,170.095,147.79
2017-07-17,SONATSOFTW,EQ,160.7,161.95,165.8,160.55,164.0,164.35,163.54,150427,24601277.3,3275,88090,58.56,7,2017,157.3421212218357,0.02271313005600506,Slight or No change,159.979,170.143,149.814
2017-07-18,SONATSOFTW,EQ,164.35,165.0,165.0,160.6,161.25,161.25,162.24,147307,23898745.25,6079,94673,64.27,7,2017,157.39676454995697,-0.018862184362640644,Slight or No change,160.707,169.482,151.932
2017-07-19,SONATSOFTW,EQ,161.25,162.8,162.8,160.3,161.45,161.05,161.36,147686,23830975.6,4403,108974,73.79,7,2017,157.44727062766427,-0.0012403100775193465,Slight or No change,160.996,169.508,152.485
2017-07-20,SONATSOFTW,EQ,161.05,161.25,162.85,160.0,161.5,160.85,161.29,101449,16362376.05,4013,72985,71.94,7,2017,157.47928145597726,-0.0012418503570320596,Slight or No change,161.564,168.698,154.431
2017-07-21,SONATSOFTW,EQ,160.85,161.15,162.85,160.25,160.85,161.55,161.54,126583,20448554.5,4582,90256,71.3,7,2017,157.5265095146961,0.004351880634131389,Slight or No change,161.982,168.272,155.693
2017-07-24,SONATSOFTW,EQ,161.55,162.95,165.7,161.2,163.0,162.8,163.91,153134,25099617.9,2706,73809,48.2,7,2017,157.59950068137388,0.007737542556484067,Slight or No change,162.725,165.747,159.703
2017-07-25,SONATSOFTW,EQ,162.8,162.1,163.95,161.6,162.9,163.15,162.7,112604,18320128.6,1290,74634,66.28,7,2017,157.65542343647238,0.002149877149877133,Slight or No change,162.736,165.763,159.708
2017-07-26,SONATSOFTW,EQ,163.15,164.15,164.6,162.2,162.7,162.9,163.32,71645,11701011.25,1152,44534,62.16,7,2017,157.68882938952484,-0.0015323322096230108,Slight or No change,162.704,165.712,159.695
2017-07-27,SONATSOFTW,EQ,162.9,165.7,174.0,164.45,168.15,167.95,170.08,1076531,183092975.9,11399,450559,41.85,7,2017,158.58513405093632,0.03100061387354192,Slight or No change,163.096,167.2,158.993
2017-07-28,SONATSOFTW,EQ,167.95,169.3,170.9,165.85,166.05,166.5,167.93,161765,27165692.45,3297,100189,61.93,7,2017,158.68767493882459,-0.00863352188151234,Slight or No change,163.282,167.76,158.804
2017-07-31,SONATSOFTW,EQ,166.5,167.75,169.0,166.15,166.95,166.75,167.17,110298,18438136.85,2423,72800,66.0,7,2017,158.75827049454932,0.0015015015015014124,Slight or No change,163.539,168.383,158.695
2017-08-01,SONATSOFTW,EQ,166.75,167.85,168.95,167.05,168.0,167.95,167.91,111077,18650672.15,2135,83388,75.07,8,2017,158.8386153259346,0.007196401799100416,Slight or No change,163.693,168.963,158.422
2017-08-02,SONATSOFTW,EQ,167.95,168.2,169.25,166.75,168.6,168.4,168.24,223951,37676498.4,5290,183241,81.82,8,2017,159.0042011984954,0.002679368859779707,Slight or No change,164.011,169.854,158.168
2017-08-03,SONATSOFTW,EQ,168.4,162.6,166.4,160.3,162.0,161.9,163.56,449523,73524303.25,21055,264141,58.76,8,2017,159.10148251212485,-0.03859857482185269,Slight or No change,164.096,169.763,158.43
2017-08-04,SONATSOFTW,EQ,161.9,161.9,164.75,159.4,159.95,160.05,161.78,135972,21998027.4,1996,95833,70.48,8,2017,159.11102393474673,-0.011426806670784441,Slight or No change,163.789,169.849,157.73
2017-08-07,SONATSOFTW,EQ,160.05,160.7,162.0,156.0,157.0,156.75,157.65,247362,38997786.0,3316,163401,66.06,8,2017,159.06859365152368,-0.02061855670103097,Slight or No change,163.468,170.506,156.43
2017-08-08,SONATSOFTW,EQ,156.75,156.1,158.3,153.7,157.8,156.3,155.73,157907,24590245.2,2947,81529,51.63,8,2017,159.03719223502537,-0.002870813397129135,Slight or No change,163.129,171.069,155.188
2017-08-09,SONATSOFTW,EQ,156.3,156.05,157.8,152.75,153.8,153.55,153.69,82275,12644621.75,2131,49336,59.96,8,2017,159.00495574414302,-0.017594369801663512,Slight or No change,162.607,172.015,153.199
2017-08-10,SONATSOFTW,EQ,153.55,152.55,153.3,148.5,149.65,149.5,151.03,161965,24461455.15,2185,124079,76.61,8,2017,158.89628638288275,-0.026375773363725208,Slight or No change,161.746,173.487,150.006
2017-08-11,SONATSOFTW,EQ,149.5,149.0,152.2,145.1,149.1,150.0,148.68,136252,20258142.0,2373,73007,53.58,8,2017,158.81153818859582,0.0033444816053511683,Slight or No change,160.832,174.112,147.553
2017-08-14,SONATSOFTW,EQ,150.0,152.45,155.5,151.05,154.7,153.3,153.38,191688,29400301.3,3168,85378,44.54,8,2017,158.73864872601266,0.02200000000000002,Slight or No change,160.129,173.913,146.344
2017-08-16,SONATSOFTW,EQ,153.3,154.55,161.3,154.1,161.25,160.1,157.53,283794,44706483.05,4265,187677,66.13,8,2017,158.76479136010772,0.04435746901500304,Slight or No change,159.929,173.621,146.236
2017-08-17,SONATSOFTW,EQ,160.1,162.6,166.3,159.0,162.45,161.95,162.93,267304,43552424.6,5790,154008,57.62,8,2017,158.82138063379375,0.011555277951280418,Slight or No change,159.5,172.467,146.533
2017-08-18,SONATSOFTW,EQ,161.95,161.0,161.0,156.5,157.55,157.55,158.2,133224,21076647.25,3661,87796,65.9,8,2017,158.81022176370303,-0.027168879283729352,Slight or No change,158.861,171.209,146.512
2017-08-21,SONATSOFTW,EQ,157.55,157.55,158.35,154.35,155.2,154.65,155.5,92380,14365076.5,1918,67744,73.33,8,2017,158.78505534341326,-0.018406854966677263,Slight or No change,157.996,169.64,146.353
2017-08-22,SONATSOFTW,EQ,154.65,155.65,160.0,154.5,155.55,155.25,155.56,55259,8596254.35,2311,32048,58.0,8,2017,158.77230982276203,0.003879728419010631,Slight or No change,157.089,167.281,146.898
2017-08-23,SONATSOFTW,EQ,155.25,157.9,157.9,154.5,154.5,154.65,154.84,59643,9234919.1,1627,40631,68.12,8,2017,158.75633001054982,-0.0038647342995168366,Slight or No change,156.107,163.992,148.222
2017-08-24,SONATSOFTW,EQ,154.65,156.9,158.6,154.55,156.8,156.95,156.8,115534,18115827.8,2649,75272,65.15,8,2017,158.7428673920098,0.014872292272874118,Slight or No change,155.754,162.932,148.575
2017-08-28,SONATSOFTW,EQ,156.95,156.95,160.2,155.2,159.1,158.75,157.99,148790,23507518.2,3364,118649,79.74,8,2017,158.742935202378,0.011468620579802469,Slight or No change,155.661,162.63,148.691
2017-08-29,SONATSOFTW,EQ,158.75,159.0,159.1,156.7,157.05,157.85,158.05,80842,12776926.8,1850,66488,82.24,8,2017,158.73834646260426,-0.005669291338582738,Slight or No change,155.739,162.786,148.692
2017-08-30,SONATSOFTW,EQ,157.85,159.0,161.4,157.3,158.75,159.3,159.3,106009,16887327.8,2523,77316,72.93,8,2017,158.74210596951966,0.009185936015204454,Slight or No change,155.954,163.252,148.655
2017-08-31,SONATSOFTW,EQ,159.3,159.0,161.5,157.0,157.8,158.25,158.95,99225,15772064.4,2589,70524,71.07,8,2017,158.7390419826291,-0.006591337099811746,Slight or No change,156.289,163.544,149.035
2017-09-01,SONATSOFTW,EQ,158.25,159.9,162.5,157.9,159.5,159.55,159.85,128813,20590617.3,3620,79555,61.76,9,2017,158.74554431228185,0.008214849921011071,Slight or No change,157.007,163.292,150.723
2017-09-04,SONATSOFTW,EQ,159.55,159.55,160.1,155.0,157.25,158.2,156.76,176720,27703228.1,3811,117385,66.42,9,2017,158.73960856429952,-0.008461297398934642,Slight or No change,157.593,162.425,152.761
2017-09-05,SONATSOFTW,EQ,158.2,158.9,158.9,154.8,158.0,158.0,156.68,121687,19065917.65,2261,63665,52.32,9,2017,158.734108545394,-0.0012642225031604948,Slight or No change,157.929,162.081,153.776
2017-09-06,SONATSOFTW,EQ,158.0,156.05,158.5,154.5,154.55,155.15,155.96,174590,27228920.0,2464,129672,74.27,9,2017,158.69627217261552,-0.01803797468354429,Slight or No change,157.575,161.773,153.377
2017-09-07,SONATSOFTW,EQ,155.15,155.5,157.8,152.0,154.5,154.05,154.19,196098,30235382.9,5401,134977,68.83,9,2017,158.64182597420265,-0.007089912987431445,Slight or No change,157.011,160.778,153.244
2017-09-08,SONATSOFTW,EQ,154.05,155.25,157.7,153.1,153.9,153.6,155.11,112285,17416998.1,2824,58641,52.23,9,2017,158.60822166005443,-0.00292112950340806,Slight or No change,156.729,160.892,152.565
2017-09-11,SONATSOFTW,EQ,153.6,155.0,158.35,153.0,154.0,154.55,155.42,137548,21378094.7,2998,60492,43.98,9,2017,158.5753558755687,0.006184895833333481,Slight or No change,156.721,160.901,152.542
2017-09-12,SONATSOFTW,EQ,154.55,156.0,158.05,155.0,157.0,156.5,156.67,76289,11952394.15,1926,52943,69.4,9,2017,158.566075574106,0.012617275962471641,Slight or No change,156.811,160.907,152.714
2017-09-13,SONATSOFTW,EQ,156.5,157.5,157.85,153.0,153.45,153.9,155.77,90514,14099217.75,2077,63791,70.48,9,2017,158.54145052719838,-0.01661341853035136,Slight or No change,156.757,160.993,152.522
2017-09-14,SONATSOFTW,EQ,153.9,154.9,155.9,151.0,152.5,152.15,153.23,99605,15262875.05,2443,73586,73.88,9,2017,158.5045463749327,-0.011371020142949995,Slight or No change,156.414,161.308,151.52
2017-09-15,SONATSOFTW,EQ,152.15,151.3,157.7,151.3,156.0,156.75,155.63,186543,29031259.3,2839,110271,59.11,9,2017,158.48577624155917,0.03023332237923104,Slight or No change,156.271,160.985,151.558
2017-09-18,SONATSOFTW,EQ,156.75,156.55,158.45,154.0,156.0,155.5,155.79,100375,15637211.55,2168,54688,54.48,9,2017,158.4686873626627,-0.007974481658692191,Slight or No change,156.104,160.742,151.465
2017-09-19,SONATSOFTW,EQ,155.5,156.85,157.0,154.4,155.0,155.2,155.86,70126,10929723.3,1891,49084,69.99,9,2017,158.45566918804622,-0.0019292604501608406,Slight or No change,155.811,160.083,151.538
2017-09-20,SONATSOFTW,EQ,155.2,157.9,157.9,153.0,155.0,154.55,155.1,93990,14578117.15,1815,57052,60.7,9,2017,158.43493138984164,-0.004188144329896781,Slight or No change,155.546,159.622,151.471
2017-09-21,SONATSOFTW,EQ,154.55,154.1,156.0,152.7,154.4,154.15,154.33,134982,20831925.05,2145,101238,75.0,9,2017,158.40250443454642,-0.0025881591717891173,Slight or No change,155.161,158.572,151.749
2017-09-22,SONATSOFTW,EQ,154.15,154.15,155.5,152.5,152.8,153.0,153.79,87977,13529811.75,1805,65973,74.99,9,2017,158.37598807574247,-0.007460265974699953,Slight or No change,154.789,157.894,151.685
2017-09-25,SONATSOFTW,EQ,153.0,154.7,154.7,146.5,148.55,148.7,149.51,147500,22052801.8,2156,112444,76.23,9,2017,158.29701522586868,-0.02810457516339881,Slight or No change,154.125,158.122,150.128
2017-09-26,SONATSOFTW,EQ,148.7,150.0,152.35,147.0,147.0,147.55,149.08,126536,18863770.9,1631,88495,69.94,9,2017,158.22229086305958,-0.0077336919973098875,Slight or No change,153.582,158.844,148.321
2017-09-27,SONATSOFTW,EQ,147.55,149.7,149.7,144.95,146.0,145.3,146.72,124263,18232035.5,1641,98158,78.99,9,2017,158.13465411413034,-0.015249068112504259,Slight or No change,152.957,159.816,146.099
2017-09-28,SONATSOFTW,EQ,145.3,146.9,148.8,144.8,148.05,147.35,147.04,99391,14614835.0,1564,60979,61.35,9,2017,158.07646941798026,0.014108740536820319,Slight or No change,152.511,159.976,145.046
2017-09-29,SONATSOFTW,EQ,147.35,147.75,149.5,147.0,147.9,147.4,148.1,66365,9828331.2,1298,43687,65.83,9,2017,158.03814632543256,0.00033932813030213005,Slight or No change,152.0,159.833,144.167
2017-10-03,SONATSOFTW,EQ,147.4,148.0,150.9,148.0,150.8,150.25,150.11,47163,7079818.3,950,31677,67.16,10,2017,158.01833001130353,0.019335142469470767,Slight or No change,151.554,158.984,144.123
2017-10-04,SONATSOFTW,EQ,150.25,150.95,153.7,148.0,148.7,149.1,151.27,151035,22846432.9,2034,95045,62.93,10,2017,157.94624846637146,-0.007653910149750477,Slight or No change,151.211,158.618,143.804
2017-10-05,SONATSOFTW,EQ,149.1,148.15,150.55,148.15,148.5,148.85,149.09,123820,18459956.8,913,106128,85.71,10,2017,157.88637313868682,-0.0016767270288396974,Slight or No change,150.975,158.463,143.487
2017-10-06,SONATSOFTW,EQ,148.85,153.0,153.0,149.05,150.85,150.9,150.72,55852,8418058.9,880,35682,63.89,10,2017,157.86569089187046,0.013772253946926494,Slight or No change,150.557,157.27,143.845
2017-10-09,SONATSOFTW,EQ,150.9,150.25,153.9,150.0,153.0,153.3,152.59,134285,20490112.45,1776,66731,49.69,10,2017,157.83342371087863,0.01590457256461231,Slight or No change,150.4,156.705,144.095
2017-10-10,SONATSOFTW,EQ,153.3,153.0,155.55,152.4,154.3,154.3,154.39,108983,16826183.65,1549,54220,49.75,10,2017,157.8132726631649,0.0065231572080886036,Slight or No change,150.336,156.445,144.227
2017-10-11,SONATSOFTW,EQ,154.3,155.0,157.0,152.1,152.7,152.5,154.49,168796,26077721.95,1497,123858,73.38,10,2017,157.7667517583073,-0.01166558651976679,Slight or No change,150.189,155.952,144.427
2017-10-12,SONATSOFTW,EQ,152.5,153.85,153.85,151.7,152.8,152.2,152.57,73836,11265218.75,1271,57045,77.26,10,2017,157.74551277271533,-0.0019672131147541183,Slight or No change,150.05,155.485,144.615
2017-10-13,SONATSOFTW,EQ,152.2,153.0,154.95,152.5,153.7,153.55,153.85,89839,13821887.4,1625,60507,67.35,10,2017,157.72612614493903,0.008869908015768813,Slight or No change,150.089,155.623,144.555
2017-10-16,SONATSOFTW,EQ,153.55,153.9,155.0,153.05,153.4,153.35,153.99,50997,7853102.15,1448,37418,73.37,10,2017,157.7146776310157,-0.0013025073266038634,Slight or No change,150.421,156.151,144.692
2017-10-17,SONATSOFTW,EQ,153.35,154.0,158.0,152.3,155.5,154.8,153.72,354674,54519810.2,1948,307268,86.63,10,2017,157.6625937041531,0.009455493968047124,Slight or No change,150.939,156.858,145.02
2017-10-18,SONATSOFTW,EQ,154.8,155.6,158.0,150.95,157.5,157.25,156.57,129840,20328484.9,1988,82756,63.74,10,2017,157.65991217106702,0.015826873385012874,Slight or No change,151.793,157.655,145.931
2017-10-19,SONATSOFTW,EQ,157.25,158.9,159.4,155.85,156.95,157.0,157.54,36498,5749823.85,979,29177,79.94,10,2017,157.65870875844791,-0.0015898251192368873,Slight or No change,152.482,158.363,146.601
2017-10-23,SONATSOFTW,EQ,157.0,157.0,163.0,156.95,161.45,161.9,160.92,356590,57382983.9,5950,240020,67.31,10,2017,157.73295201572088,0.03121019108280265,Slight or No change,153.518,160.54,146.496
2017-10-24,SONATSOFTW,EQ,161.9,162.4,176.4,161.0,172.7,172.55,171.47,1335721,229035605.75,18196,723789,54.19,10,2017,158.64472180424943,0.06578134651019152,Slight or No change,155.111,167.216,143.005
2017-10-25,SONATSOFTW,EQ,172.55,174.0,174.9,168.0,171.9,171.3,172.1,560746,96505843.45,16311,325775,58.1,10,2017,158.963412213783,-0.007244277021153267,Slight or No change,156.696,171.023,142.37
2017-10-26,SONATSOFTW,EQ,171.3,169.0,175.8,169.0,172.0,172.35,173.74,605564,105210167.4,8504,336055,55.49,10,2017,159.31782395453286,0.006129597197898296,Slight or No change,158.375,174.172,142.578
2017-10-27,SONATSOFTW,EQ,172.35,172.55,181.65,172.55,178.0,179.65,177.59,900166,159857589.9,13029,531744,59.07,10,2017,160.08769978569902,0.042355671598491414,Slight or No change,160.429,179.229,141.628
2017-10-30,SONATSOFTW,EQ,179.65,180.6,183.75,177.95,183.0,181.9,181.16,393196,71233235.1,6185,233979,59.51,10,2017,160.44259529409024,0.012524352908433123,Slight or No change,162.471,183.959,140.984
2017-10-31,SONATSOFTW,EQ,181.9,183.4,183.4,179.35,179.5,180.45,180.86,233528,42235380.0,2747,167400,71.68,10,2017,160.6340839535633,-0.007971412864211214,Slight or No change,164.339,187.265,141.414
2017-11-01,SONATSOFTW,EQ,180.45,180.45,187.0,180.45,185.9,185.95,184.16,398649,73414450.9,7069,240587,60.35,11,2017,161.0410511660175,0.03047935716264893,Slight or No change,166.729,191.255,142.202
2017-11-02,SONATSOFTW,EQ,185.95,187.0,193.7,184.45,191.5,191.75,189.55,597458,113248754.45,6580,306539,51.31,11,2017,161.76350188449499,0.03119118042484548,Slight or No change,169.554,195.914,143.193
2017-11-03,SONATSOFTW,EQ,191.75,191.0,191.6,184.9,185.8,186.0,188.67,280862,52989241.3,6624,189486,67.47,11,2017,162.02860944149919,-0.029986962190352018,Slight or No change,171.871,197.874,145.868
2017-11-06,SONATSOFTW,EQ,186.0,185.9,193.5,183.95,185.6,185.75,189.23,365134,69095216.7,4867,125830,34.46,11,2017,162.36120721298445,-0.0013440860215053752,Slight or No change,174.186,198.819,149.552
2017-11-07,SONATSOFTW,EQ,185.75,187.0,195.0,182.55,186.3,186.15,189.09,598639,113199234.1,8749,192858,32.22,11,2017,162.89576418126887,0.002153432032301561,Slight or No change,176.425,199.088,153.762
2017-11-08,SONATSOFTW,EQ,186.15,187.45,192.0,186.25,189.5,189.1,189.36,334266,63297736.65,5226,179171,53.6,11,2017,163.22048115224456,0.01584743486435669,Slight or No change,178.7,199.379,158.021
2017-11-09,SONATSOFTW,EQ,189.1,190.6,194.0,187.65,189.5,189.45,190.23,199751,37999081.05,4525,84023,42.06,11,2017,163.41328532535613,0.0018508725542041304,Slight or No change,181.018,198.198,163.838
2017-11-10,SONATSOFTW,EQ,189.45,189.8,195.95,188.0,192.0,191.95,193.48,403725,78113482.35,5676,143752,35.61,11,2017,163.83104068465994,0.013196093956189037,Slight or No change,183.164,197.293,169.036
2017-11-13,SONATSOFTW,EQ,191.95,194.4,194.9,182.0,187.0,186.75,189.83,248382,47149823.2,4473,109434,44.06,11,2017,164.03561612506675,-0.027090388121906672,Slight or No change,184.179,197.003,171.354
2017-11-14,SONATSOFTW,EQ,186.75,189.4,194.7,188.9,191.35,190.3,192.02,291844,56039706.55,6509,156741,53.71,11,2017,164.3082158058607,0.019009370816599702,Slight or No change,185.536,196.354,174.718
2017-11-15,SONATSOFTW,EQ,190.3,192.0,199.0,190.45,193.0,192.35,195.53,638220,124793805.15,12543,268545,42.08,11,2017,164.93056799321428,0.01077246452968983,Slight or No change,186.964,195.273,178.656
2017-11-16,SONATSOFTW,EQ,192.35,192.5,207.0,192.5,207.0,205.85,202.13,892845,180471945.1,13181,445094,49.85,11,2017,166.16278407595223,0.07018455939693258,Slight or No change,188.836,200.97,176.702
2017-11-17,SONATSOFTW,EQ,205.85,210.0,212.55,205.4,208.85,209.4,209.02,1511089,315844811.9,16553,941219,62.29,11,2017,168.25950561069166,0.01724556716055381,Slight or No change,190.8,206.482,175.118
2017-11-20,SONATSOFTW,EQ,209.4,204.5,222.25,203.35,216.15,216.2,214.9,1134197,243739401.3,14994,501072,44.18,11,2017,169.9431768261864,0.032473734479465,Slight or No change,193.354,212.934,173.773
2017-11-21,SONATSOFTW,EQ,216.2,215.95,228.5,212.75,222.05,222.55,222.38,1412548,314116497.05,20608,483286,34.21,11,2017,172.14772521970008,0.029370952821461627,Slight or No change,195.968,220.45,171.486
2017-11-22,SONATSOFTW,EQ,222.55,223.0,224.25,215.55,219.35,219.6,218.86,559490,122452127.8,9570,232984,41.64,11,2017,172.92249787046813,-0.01325544821388458,Slight or No change,197.957,225.319,170.595
2017-11-23,SONATSOFTW,EQ,219.6,220.1,234.4,216.0,229.25,229.35,228.7,1372295,313848429.45,14316,406266,29.6,11,2017,175.09524990392606,0.0443989071038251,Slight or No change,201.054,232.144,169.963
2017-11-24,SONATSOFTW,EQ,229.35,231.4,241.0,228.7,229.85,230.2,234.87,1220131,286574662.0,14197,236253,19.36,11,2017,176.9193466205465,0.0037061260082842384,Slight or No change,204.229,237.583,170.874
2017-11-27,SONATSOFTW,EQ,230.2,231.9,235.4,225.1,226.1,226.4,230.54,399912,92193964.4,6090,180434,45.12,11,2017,177.4504335928957,-0.01650738488271064,Slight or No change,207.104,240.684,173.524
2017-11-28,SONATSOFTW,EQ,226.4,226.2,239.7,223.8,238.8,236.95,232.74,662095,154096066.75,14882,319894,48.32,11,2017,178.48927744378537,0.046598939929328516,Slight or No change,210.521,245.9,175.143
2017-11-29,SONATSOFTW,EQ,236.95,238.55,244.95,236.3,240.8,242.25,241.69,717776,173481652.2,12218,298565,41.6,11,2017,179.67372223831129,0.022367588098755053,Slight or No change,214.293,251.219,177.367
2017-11-30,SONATSOFTW,EQ,242.25,241.3,243.8,236.05,242.2,241.4,239.48,376607,90190238.65,7739,173279,46.01,11,2017,180.26954715606172,-0.0035087719298245727,Slight or No change,217.825,255.004,180.646
2017-12-01,SONATSOFTW,EQ,241.4,242.0,247.8,237.2,237.85,238.6,241.52,474901,114695767.9,5713,214859,45.24,12,2017,180.97100937062604,-0.011599005799502904,Slight or No change,221.529,255.571,187.487
2017-12-04,SONATSOFTW,EQ,238.6,240.85,240.85,228.0,230.0,230.6,232.98,208445,48564301.8,3914,85821,41.17,12,2017,181.23159259245358,-0.03352891869237218,Slight or No change,224.407,253.535,195.28
2017-12-05,SONATSOFTW,EQ,230.6,230.9,230.9,217.6,219.75,219.05,221.83,284203,63044591.65,4475,132242,46.53,12,2017,181.5004075377897,-0.05008673026886379,Slight or No change,226.314,249.235,203.393
2017-12-06,SONATSOFTW,EQ,219.05,214.0,230.35,214.0,226.95,225.55,225.56,526817,118826896.2,16217,282052,53.54,12,2017,182.073254122558,0.029673590504450956,Slight or No change,227.721,247.423,208.019
2017-12-07,SONATSOFTW,EQ,225.55,228.0,229.0,223.05,226.7,227.3,226.61,188966,42820921.15,4686,91138,48.23,12,2017,182.28324215106738,0.007758811793393994,Slight or No change,229.0,245.67,212.33
2017-12-08,SONATSOFTW,EQ,227.3,229.1,240.0,229.0,238.0,238.55,236.21,442087,104423744.6,10202,163478,36.98,12,2017,182.887863036712,0.04949406071271456,Slight or No change,230.596,246.235,214.958
2017-12-11,SONATSOFTW,EQ,238.55,240.95,244.9,237.3,239.6,239.5,240.81,390587,94058327.75,8100,184306,47.19,12,2017,183.42027422735433,0.003982393628170211,Slight or No change,231.807,247.387,216.228
2017-12-12,SONATSOFTW,EQ,239.5,239.45,240.3,234.4,237.5,236.4,236.7,149631,35418080.2,5821,75768,50.64,12,2017,183.6104649189348,-0.012943632567849694,Slight or No change,233.007,247.049,218.966
2017-12-13,SONATSOFTW,EQ,236.4,234.5,240.0,232.1,234.75,234.3,235.85,161308,38045199.6,4337,74564,46.22,12,2017,183.8058784807341,-0.008883248730964466,Slight or No change,233.361,247.254,219.467
2017-12-14,SONATSOFTW,EQ,234.3,233.0,238.4,225.45,230.95,231.1,230.52,171859,39617394.2,5561,106565,62.01,12,2017,183.99933341887515,-0.013657703798548916,Slight or No change,233.425,247.263,219.587
2017-12-15,SONATSOFTW,EQ,231.1,235.0,235.3,228.15,232.9,231.25,231.57,239684,55503487.75,7803,155523,64.89,12,2017,184.26735936820518,0.0006490696668108863,Slight or No change,233.771,247.085,220.458
2017-12-18,SONATSOFTW,EQ,231.25,232.5,234.35,222.5,232.0,231.1,230.75,165392,38164862.25,3804,80021,48.38,12,2017,184.44995753026245,-0.0006486486486486642,Slight or No change,233.354,246.605,220.102
2017-12-19,SONATSOFTW,EQ,231.1,230.0,257.0,230.0,251.0,249.65,248.04,892430,221355612.0,17090,370968,41.57,12,2017,185.79338223381592,0.08026828212894865,Slight or No change,233.882,249.105,218.659
2017-12-20,SONATSOFTW,EQ,249.65,251.9,254.5,249.55,251.5,251.35,252.45,348150,87889799.1,6930,196739,56.51,12,2017,186.31613609301854,0.006809533346685326,Slight or No change,234.593,252.088,217.098
2017-12-21,SONATSOFTW,EQ,251.35,253.65,253.85,247.4,250.25,250.05,249.65,419894,104827900.7,5468,344765,82.11,12,2017,186.92324616117511,-0.005172070817584973,Slight or No change,235.411,254.692,216.13
2017-12-22,SONATSOFTW,EQ,250.05,250.25,268.8,250.25,268.5,265.6,262.08,983654,257796156.45,11941,370085,37.62,12,2017,188.64060683815785,0.062187562487502575,Slight or No change,237.911,262.773,213.048
2017-12-26,SONATSOFTW,EQ,265.6,266.5,283.75,264.05,283.1,279.95,274.08,1064693,291806240.9,12155,289521,27.19,12,2017,190.74812393495742,0.05402861445783125,Slight or No change,242.261,273.421,211.1
2017-12-27,SONATSOFTW,EQ,279.95,283.1,284.5,265.1,268.2,268.2,276.14,400194,110511132.95,6816,170128,42.51,12,2017,191.41428957872643,-0.04197178067512053,Slight or No change,245.307,277.743,212.871
2017-12-28,SONATSOFTW,EQ,268.2,269.0,275.0,267.5,274.0,273.95,271.73,276352,75093569.9,6248,117722,42.6,12,2017,191.9016075243183,0.02143922445935864,Slight or No change,248.639,282.653,214.626
2017-12-29,SONATSOFTW,EQ,273.95,274.3,280.5,271.35,279.5,278.45,276.89,266645,73830869.45,4417,132387,49.65,12,2017,192.39187515690182,0.0164263551743018,Slight or No change,251.489,288.422,214.556
2018-01-01,SONATSOFTW,EQ,278.45,280.0,284.8,276.5,279.0,278.35,279.95,277928,77806846.3,5333,141948,51.07,1,2018,192.8964241164917,-0.0003591309032140444,Slight or No change,254.264,293.106,215.423
2018-01-02,SONATSOFTW,EQ,278.35,280.35,280.35,266.85,272.75,273.85,271.92,180191,48997483.25,4671,71298,39.57,1,2018,193.20332887416103,-0.016166696604993702,Slight or No change,256.939,295.639,218.24
2018-01-03,SONATSOFTW,EQ,273.85,275.2,275.2,266.25,268.3,267.3,270.67,161097,43604162.5,6049,80803,50.16,1,2018,193.45362327402665,-0.0239182033960198,Slight or No change,259.296,296.026,222.567
2018-01-04,SONATSOFTW,EQ,267.3,267.3,270.45,263.3,267.85,268.3,266.31,207453,55246404.7,6105,89891,43.33,1,2018,193.77779148123383,0.0037411148522259454,Slight or No change,261.954,295.104,228.803
2018-01-05,SONATSOFTW,EQ,268.3,267.0,285.5,267.0,278.7,277.75,278.04,339289,94337224.4,5767,161598,47.63,1,2018,194.36842729923447,0.035221766679090605,Slight or No change,265.275,294.226,236.324
2018-01-08,SONATSOFTW,EQ,277.75,279.8,280.4,271.05,271.2,271.95,276.11,179398,49533185.6,5773,90022,50.18,1,2018,194.6558879698932,-0.02088208820882087,Slight or No change,268.193,289.543,246.843
2018-01-09,SONATSOFTW,EQ,271.95,272.45,291.7,270.75,282.35,283.6,282.79,759334,214732756.95,13095,232920,30.67,1,2018,196.02927845006042,0.04283875712447149,Slight or No change,270.618,290.561,250.675
2018-01-10,SONATSOFTW,EQ,283.6,284.05,286.85,275.5,279.6,280.75,280.74,483367,135698386.55,7193,238396,49.32,1,2018,196.85391517880313,-0.010049365303244072,Slight or No change,272.718,289.925,255.51
2018-01-11,SONATSOFTW,EQ,280.75,281.0,312.0,281.0,293.0,293.3,298.45,1716542,512300565.85,25903,478892,27.9,1,2018,200.07629567997864,0.044701691896705364,Slight or No change,275.807,290.881,260.733
2018-01-12,SONATSOFTW,EQ,293.3,293.95,302.0,284.25,298.55,299.4,296.7,640941,190167962.25,9352,243993,38.07,1,2018,201.30013456999168,0.02079781793385593,Slight or No change,278.221,296.697,259.746
2018-01-15,SONATSOFTW,EQ,299.4,301.9,304.45,295.0,295.5,297.15,300.11,283231,84999142.15,5031,147509,52.08,1,2018,201.81920618771557,-0.00751503006012022,Slight or No change,279.45,300.525,258.375
2018-01-16,SONATSOFTW,EQ,297.15,295.15,311.9,293.5,302.15,303.25,303.9,698628,212311129.0,10990,284076,40.66,1,2018,203.156256984562,0.0205283526838298,Slight or No change,281.954,305.459,258.448
2018-01-17,SONATSOFTW,EQ,303.25,307.0,314.05,300.0,301.8,302.7,307.0,660268,202699231.4,15609,250478,37.94,1,2018,204.3811248641801,-0.00181368507831825,Slight or No change,284.007,309.444,258.57
2018-01-18,SONATSOFTW,EQ,302.7,306.0,313.45,285.15,290.0,291.15,305.43,720832,220162101.3,12115,262166,36.37,1,2018,205.53128364648202,-0.03815659068384547,Slight or No change,284.914,310.404,259.425
2018-01-19,SONATSOFTW,EQ,291.15,291.55,308.0,288.55,303.0,303.8,302.26,618385,186914716.85,13641,234441,37.91,1,2018,206.63618443102266,0.043448394298471804,Slight or No change,286.732,313.787,259.677
2018-01-22,SONATSOFTW,EQ,303.8,304.8,315.0,297.95,311.0,311.3,308.5,570602,176033130.3,10626,128753,22.56,1,2018,207.71090700832642,0.024687294272547792,Slight or No change,289.407,318.317,260.497
2018-01-23,SONATSOFTW,EQ,311.3,313.8,319.5,309.1,311.0,311.25,314.26,450992,141730219.5,7399,139378,30.9,1,2018,208.54445241063166,-0.0001606167683906312,Slight or No change,292.546,320.649,264.444
2018-01-24,SONATSOFTW,EQ,311.25,310.0,321.1,302.0,311.5,313.1,313.12,969591,303594369.5,17099,313094,32.29,1,2018,210.32330229930324,0.0059437751004016715,Slight or No change,295.746,322.105,269.388
2018-01-25,SONATSOFTW,EQ,313.1,315.75,315.75,296.5,299.3,299.2,305.89,355422,108719049.7,5879,166560,46.86,1,2018,210.8741553387629,-0.044394762056850993,Slight or No change,297.279,321.541,273.016
2018-01-29,SONATSOFTW,EQ,299.2,300.0,308.45,294.05,302.65,303.15,302.04,342260,103376110.35,6876,132846,38.81,1,2018,211.4216291639523,0.013201871657753994,Slight or No change,299.507,319.013,280.001
2018-01-30,SONATSOFTW,EQ,303.15,301.5,311.4,295.6,304.9,304.9,305.74,461642,141141227.65,7634,173759,37.64,1,2018,212.1637489896218,0.005772719775688495,Slight or No change,301.029,318.395,283.662
2018-01-31,SONATSOFTW,EQ,304.9,297.6,308.0,297.25,301.0,301.45,303.52,154797,46983292.75,3280,60500,39.08,1,2018,212.40080453820698,-0.011315185306657871,Slight or No change,302.507,315.38,289.635
2018-02-01,SONATSOFTW,EQ,301.45,302.0,303.0,281.25,298.1,297.0,297.44,285086,84797068.65,7972,98600,34.59,2,2018,212.8124532323995,-0.0147619837452313,Slight or No change,302.771,314.964,290.579
2018-02-02,SONATSOFTW,EQ,297.0,290.0,298.1,272.1,277.1,275.75,284.11,370970,105396969.85,7764,136248,36.73,2,2018,213.20845036984886,-0.07154882154882157,Slight or No change,301.082,319.99,282.174
2018-02-05,SONATSOFTW,EQ,275.75,266.05,274.95,263.25,274.9,273.1,270.86,151783,41111481.2,3379,58292,38.4,2,2018,213.3622359239187,-0.009610154125113237,Slight or No change,299.364,323.468,275.261
2018-02-06,SONATSOFTW,EQ,273.1,262.95,282.5,255.15,275.0,273.2,275.05,462301,127154654.35,10603,162903,35.24,2,2018,213.82658408265254,0.0003661662394724985,Slight or No change,297.218,324.915,269.521
2018-02-07,SONATSOFTW,EQ,273.2,276.7,295.9,276.7,277.0,283.65,286.04,427221,122200359.4,7692,167143,39.12,2,2018,214.32374146475112,0.03825036603221088,Slight or No change,295.857,324.257,267.458
2018-02-08,SONATSOFTW,EQ,283.65,279.25,296.0,279.25,289.1,290.75,289.2,553865,160175058.95,7871,226807,40.95,2,2018,215.02277206878463,0.025030847875903598,Slight or No change,295.829,324.249,267.408
2018-02-09,SONATSOFTW,EQ,290.75,281.25,289.9,281.25,285.9,285.95,285.46,229927,65635000.5,4312,87344,37.99,2,2018,215.291063460554,-0.016509028374892543,Slight or No change,294.554,323.035,266.072
2018-02-12,SONATSOFTW,EQ,285.95,289.7,296.45,288.6,294.0,294.6,293.97,197006,57913329.8,4687,95645,48.55,2,2018,215.5472758181113,0.030250043713936137,Slight or No change,293.361,320.171,266.55
2018-02-14,SONATSOFTW,EQ,294.6,294.0,353.5,294.0,344.7,340.8,327.47,2826228,925505156.6,40355,933203,33.02,2,2018,221.09503806297258,0.1568228105906313,Slight or No change,295.471,331.438,259.505
2018-02-15,SONATSOFTW,EQ,340.8,344.45,366.4,328.4,341.4,338.15,350.19,2035211,712704497.85,37191,427423,21.0,2,2018,224.71319090183297,-0.007775821596244238,Slight or No change,297.261,339.029,255.492
2018-02-16,SONATSOFTW,EQ,338.15,340.9,349.0,326.1,339.0,335.55,337.69,648904,219126815.5,12484,158100,24.36,2,2018,225.79485638875497,-0.0076888954605942575,Slight or No change,299.857,346.392,253.322
2018-02-19,SONATSOFTW,EQ,335.55,338.0,339.0,321.1,324.0,324.35,327.02,371325,121430356.55,7613,90414,24.35,2,2018,226.34217905048126,-0.033378036060199616,Slight or No change,301.371,349.713,253.03
2018-02-20,SONATSOFTW,EQ,324.35,321.1,329.5,312.6,315.95,316.5,320.72,387961,124426640.4,7973,88424,22.79,2,2018,226.86228139351368,-0.024202250655156576,Slight or No change,302.2,351.195,253.205
2018-02-21,SONATSOFTW,EQ,316.5,319.3,339.4,313.2,326.15,325.95,328.02,1233449,404595986.05,24055,253140,20.52,2,2018,228.6468991563648,0.0298578199052133,Slight or No change,303.95,354.554,253.346
2018-02-22,SONATSOFTW,EQ,325.95,322.1,339.0,321.65,327.0,327.05,330.69,980810,324347634.75,18502,381220,38.87,2,2018,230.03628290547755,0.003374750728639464,Slight or No change,306.096,357.964,254.229
2018-02-23,SONATSOFTW,EQ,327.05,329.5,334.1,326.3,329.55,329.85,330.28,490011,161839235.85,12730,135605,27.67,2,2018,230.7354353058857,0.008561382051674116,Slight or No change,309.961,360.122,259.8
2018-02-26,SONATSOFTW,EQ,329.85,331.1,332.1,315.0,316.3,316.75,319.57,482459,154181565.95,13084,225708,46.78,2,2018,231.32458183069508,-0.039715021979687785,Slight or No change,313.079,358.58,267.577
2018-02-27,SONATSOFTW,EQ,316.75,318.9,326.5,313.55,322.6,323.6,321.02,450309,144556203.25,11014,163880,36.39,2,2018,231.91074695319676,0.02162588792423059,Slight or No change,316.679,356.166,277.191
2018-02-28,SONATSOFTW,EQ,323.6,318.0,324.5,315.3,320.2,321.2,320.35,409255,131106499.7,10504,141474,34.57,2,2018,232.42327359501462,-0.007416563658838138,Slight or No change,319.361,353.986,284.735
2018-03-01,SONATSOFTW,EQ,321.2,321.2,323.9,316.55,318.5,319.05,319.88,275707,88191821.2,8375,122429,44.41,3,2018,232.75696636051885,-0.006693648816936459,Slight or No change,321.382,351.87,290.895
2018-03-05,SONATSOFTW,EQ,319.05,318.2,326.0,314.05,320.5,320.95,319.21,447733,142922400.2,14298,203245,45.39,3,2018,233.3052334648313,0.005955179438959402,Slight or No change,323.882,346.605,301.159
2018-03-06,SONATSOFTW,EQ,320.95,322.95,323.85,304.0,306.75,307.95,316.79,217202,68806661.0,5119,101864,46.9,3,2018,233.52967033927672,-0.04050475151892818,Slight or No change,324.836,342.91,306.761
2018-03-07,SONATSOFTW,EQ,307.95,307.05,314.4,301.8,309.0,308.8,309.76,483511,149774142.9,15563,204973,42.39,3,2018,234.03012420248908,0.002760188342263437,Slight or No change,322.55,340.011,305.089
2018-03-08,SONATSOFTW,EQ,308.8,312.9,319.6,310.15,317.25,317.25,316.77,320536,101536550.3,10646,101905,31.79,3,2018,234.39532163694244,0.02736398963730569,Slight or No change,321.057,336.192,305.923
2018-03-09,SONATSOFTW,EQ,317.25,320.45,326.5,317.0,319.25,319.55,322.55,426273,137494781.55,11995,166978,39.17,3,2018,234.8893968032334,0.007249802994483856,Slight or No change,319.914,332.544,307.285
2018-03-12,SONATSOFTW,EQ,319.55,322.75,325.0,312.15,314.25,314.75,318.69,259563,82719463.85,8580,116252,44.79,3,2018,235.17054830955627,-0.015021123454858397,Slight or No change,319.229,331.863,306.594
2018-03-13,SONATSOFTW,EQ,314.75,315.3,318.25,307.0,309.55,309.1,313.46,318749,99913615.8,14698,168569,52.88,3,2018,235.48879055330318,-0.0179507545671167,Slight or No change,318.7,332.4,305.0
2018-03-14,SONATSOFTW,EQ,309.1,306.4,314.5,306.4,313.0,312.35,312.2,117844,36791280.8,3088,43044,36.53,3,2018,235.6109186483309,0.010514396635393108,Slight or No change,317.729,331.14,304.317
2018-03-15,SONATSOFTW,EQ,312.35,313.7,320.0,312.5,314.5,314.75,315.82,213247,67348695.15,6434,74103,34.75,3,2018,235.8378151977597,0.007683688170321723,Slight or No change,316.85,329.201,304.499
2018-03-16,SONATSOFTW,EQ,314.75,315.9,320.5,308.1,311.25,310.25,315.71,200930,63435846.0,3731,90224,44.9,3,2018,236.03829524172252,-0.014297061159650569,Slight or No change,315.45,325.721,305.179
2018-03-19,SONATSOFTW,EQ,310.25,310.0,315.0,307.0,310.85,311.35,310.79,314519,97750735.9,7038,177500,56.44,3,2018,236.35456960980733,0.0035455278001612633,Slight or No change,315.064,325.529,304.6
2018-03-20,SONATSOFTW,EQ,311.35,309.35,311.0,305.0,308.55,307.15,307.86,88433,27225106.3,2445,37737,42.67,3,2018,236.43806484895663,-0.013489641882126424,Slight or No change,313.889,323.91,303.869
2018-03-21,SONATSOFTW,EQ,307.15,309.65,319.95,308.05,316.4,315.9,315.82,329604,104096412.8,9540,175924,53.37,3,2018,236.78583224681634,0.028487709588149057,Slight or No change,313.511,322.708,304.313
2018-03-22,SONATSOFTW,EQ,315.9,317.0,325.75,295.15,299.5,300.55,314.8,685298,215735152.8,14350,179579,26.2,3,2018,237.36082110767222,-0.048591326369104015,Slight or No change,312.189,323.113,301.266
2018-03-23,SONATSOFTW,EQ,300.55,295.0,302.45,284.5,299.0,298.8,296.07,376966,111607815.4,8394,171368,45.46,3,2018,237.66407191241683,-0.005822658459490926,Slight or No change,310.607,322.443,298.772
2018-03-26,SONATSOFTW,EQ,298.8,297.0,314.2,293.75,311.4,311.85,307.24,394467,121196944.85,9200,187581,47.55,3,2018,238.04526872304183,0.04367469879518082,Slight or No change,310.886,322.635,299.136
2018-03-27,SONATSOFTW,EQ,311.85,314.75,324.9,313.2,321.5,321.6,321.0,322568,103544031.4,8524,123536,38.3,3,2018,238.39488236247917,0.03126503126503133,Slight or No change,311.8,324.778,298.822
2018-03-28,SONATSOFTW,EQ,321.6,318.5,330.0,283.0,311.0,312.9,322.14,545984,175883703.75,11167,152916,28.01,3,2018,238.91884109779357,-0.027052238805970297,Slight or No change,311.489,324.109,298.87
2018-04-02,SONATSOFTW,EQ,312.9,320.9,320.9,311.05,315.0,315.0,314.89,177649,55939285.1,3106,69418,39.08,4,2018,239.09253250508004,0.0067114093959732566,Slight or No change,311.164,323.106,299.223
2018-04-03,SONATSOFTW,EQ,315.0,313.0,321.95,312.55,320.0,319.4,317.34,182801,58009498.2,3999,97006,53.07,4,2018,239.2807473629534,0.013968253968253965,Slight or No change,311.496,324.107,298.886
2018-04-04,SONATSOFTW,EQ,319.4,322.8,334.9,313.35,320.45,319.45,326.19,458605,149591452.45,10712,132453,28.88,4,2018,239.74936644114396,0.00015654351909843991,Slight or No change,312.236,325.441,299.031
2018-04-05,SONATSOFTW,EQ,319.45,323.0,329.0,323.0,324.1,324.85,326.11,160141,52222835.55,3476,72497,45.27,4,2018,239.922716149706,0.01690405384254201,Slight or No change,313.129,327.958,298.3
2018-04-06,SONATSOFTW,EQ,324.85,323.0,326.7,315.65,325.5,323.2,322.08,218588,70402300.5,3729,136901,62.63,4,2018,240.1536219269257,-0.005079267354163529,Slight or No change,313.732,329.503,297.961
2018-04-09,SONATSOFTW,EQ,323.2,325.65,339.9,324.05,339.5,337.35,334.3,501410,167619143.5,13301,230740,46.02,4,2018,240.76790920977487,0.043780940594059466,Slight or No change,315.668,335.68,295.656
2018-04-10,SONATSOFTW,EQ,337.35,344.9,344.9,334.1,335.9,335.95,340.23,276859,94195654.85,8888,161115,58.19,4,2018,241.098910298504,-0.004149992589299045,Slight or No change,317.425,339.964,294.886
2018-04-11,SONATSOFTW,EQ,335.95,335.0,340.85,331.0,331.4,332.55,335.24,121473,40723074.45,5380,56614,46.61,4,2018,241.238233049132,-0.010120553653817477,Slight or No change,319.239,342.299,296.18
2018-04-12,SONATSOFTW,EQ,332.55,333.4,354.8,324.3,326.85,327.95,340.11,856802,291410161.1,16224,277433,32.38,4,2018,242.1601037497046,-0.013832506390016652,Slight or No change,320.1,343.52,296.68
2018-04-13,SONATSOFTW,EQ,327.95,327.65,332.4,325.3,328.2,327.05,328.91,142712,46939000.2,4438,41490,29.07,4,2018,242.3101619131719,-0.0027443207806067127,Slight or No change,321.993,342.737,301.249
2018-04-16,SONATSOFTW,EQ,327.05,324.0,335.0,320.3,332.95,332.95,330.0,145528,48024888.4,6238,74352,51.09,4,2018,242.4732516667181,0.018040055037455986,Slight or No change,324.432,341.049,307.816
2018-04-17,SONATSOFTW,EQ,332.95,335.0,339.5,328.7,333.55,334.8,334.8,303919,101750836.2,10719,141444,46.54,4,2018,242.81888650345675,0.005556389848325738,Slight or No change,326.071,341.848,310.295
2018-04-18,SONATSOFTW,EQ,334.8,337.0,340.0,331.3,335.1,336.35,336.82,269275,90697538.2,4238,141364,52.5,4,2018,243.1280912431784,0.004629629629629761,Slight or No change,327.125,343.571,310.679
2018-04-19,SONATSOFTW,EQ,336.35,337.9,340.0,331.1,333.4,332.9,335.36,110135,36935213.6,4167,56430,51.24,4,2018,243.24931088364147,-0.010257172588078012,Slight or No change,328.554,343.034,314.073
2018-04-20,SONATSOFTW,EQ,332.9,333.25,349.7,333.25,345.95,346.15,345.87,622197,215200593.5,16228,199677,32.09,4,2018,244.02833869103415,0.039801742264944366,Slight or No change,330.779,345.848,315.709
2018-04-23,SONATSOFTW,EQ,346.15,347.85,362.5,346.0,359.0,358.25,357.15,889558,317708764.9,14365,302226,33.97,4,2018,245.2514163514262,0.034955943954932955,Slight or No change,333.554,353.208,313.899
2018-04-24,SONATSOFTW,EQ,358.25,360.7,379.0,358.15,377.95,374.15,368.81,944188,348224079.5,18144,352949,37.38,4,2018,246.69995392523347,0.04438241451500336,Slight or No change,337.461,365.145,309.776
2018-04-25,SONATSOFTW,EQ,374.15,378.0,386.7,362.0,362.6,365.55,377.71,589010,222477827.0,13770,216115,36.69,4,2018,247.52734568033867,-0.022985433649605702,Slight or No change,340.368,370.763,309.973
2018-04-26,SONATSOFTW,EQ,365.55,366.0,374.7,350.1,358.5,359.25,360.79,297349,107281003.35,8298,157695,53.03,4,2018,247.91861272437703,-0.017234304472712347,Slight or No change,342.943,373.181,312.705
2018-04-27,SONATSOFTW,EQ,359.25,361.85,367.55,355.5,357.6,358.1,361.06,176476,63718110.5,6989,95882,54.33,4,2018,248.1471503352148,-0.003201113430758462,Slight or No change,344.425,375.504,313.346
2018-04-30,SONATSOFTW,EQ,358.1,361.5,371.0,357.3,361.0,358.7,362.99,197181,71574941.7,5049,108472,55.01,4,2018,248.40276953299932,0.001675509634180283,Slight or No change,346.05,377.596,314.504
2018-05-02,SONATSOFTW,EQ,358.7,363.05,367.85,350.1,354.0,354.1,358.99,247192,88738822.25,9048,114657,46.38,5,2018,248.7082612518132,-0.012824086980763759,Slight or No change,347.589,378.392,316.787
2018-05-03,SONATSOFTW,EQ,354.1,354.0,360.05,337.3,347.0,346.2,349.04,202991,70852331.0,9892,80328,39.57,5,2018,248.9391041251548,-0.022310081897769063,Slight or No change,348.893,377.588,320.198
2018-05-04,SONATSOFTW,EQ,346.2,342.75,345.55,335.0,337.4,336.7,339.09,126650,42945148.1,4234,69032,54.51,5,2018,249.06856453937263,-0.027440785673021332,Slight or No change,349.582,376.42,322.744
2018-05-07,SONATSOFTW,EQ,336.7,337.4,341.0,333.55,338.0,338.4,338.12,123224,41664259.5,4099,62684,50.87,5,2018,249.19659328579587,0.005049005049005073,Slight or No change,349.971,375.914,324.029
2018-05-08,SONATSOFTW,EQ,338.4,341.3,364.2,339.0,359.0,358.6,356.18,523269,186379229.6,11653,128158,24.49,5,2018,249.85839611438388,0.059692671394799175,Slight or No change,351.671,376.423,326.92
2018-05-09,SONATSOFTW,EQ,358.6,360.0,367.0,359.05,365.2,364.8,363.54,279507,101613146.6,6055,100612,36.0,5,2018,250.2286005971557,0.01728945900725032,Slight or No change,353.704,377.696,329.711
2018-05-10,SONATSOFTW,EQ,364.8,364.2,371.8,353.25,356.2,355.25,364.58,190600,69489856.15,7212,78282,41.07,5,2018,250.45875518008182,-0.02617872807017552,Slight or No change,355.3,376.09,334.51
2018-05-11,SONATSOFTW,EQ,355.25,357.9,367.15,349.15,354.5,353.65,359.24,142321,51127040.75,4732,63111,44.34,5,2018,250.62734085614812,-0.0045038705137228074,Slight or No change,355.836,375.987,335.684
2018-05-14,SONATSOFTW,EQ,353.65,357.1,359.0,343.0,349.9,347.9,350.08,108088,37839295.9,3598,48849,45.19,5,2018,250.7478829091251,-0.016259013148593238,Slight or No change,355.096,375.622,334.571
2018-05-15,SONATSOFTW,EQ,347.9,346.85,364.0,340.0,348.0,348.55,355.07,207453,73659361.7,10520,84689,40.82,5,2018,250.97994627027268,0.0018683529749929926,Slight or No change,353.268,370.829,335.707
2018-05-16,SONATSOFTW,EQ,348.55,348.5,357.0,342.9,349.0,348.75,350.22,206272,72240007.25,7610,87560,42.45,5,2018,251.21006995638814,0.0005738057667479258,Slight or No change,352.068,368.256,335.88
2018-05-17,SONATSOFTW,EQ,348.75,349.25,353.0,343.0,348.1,346.55,348.7,95350,33248105.5,3947,43067,45.17,5,2018,251.31368873092973,-0.006308243727598528,Slight or No change,351.161,367.035,335.286
2018-05-18,SONATSOFTW,EQ,346.55,346.55,351.45,336.05,341.5,341.65,346.15,86354,29891273.45,3648,36154,41.87,5,2018,251.40251889697396,-0.01413937382773056,Slight or No change,349.986,366.081,333.89
2018-05-21,SONATSOFTW,EQ,341.65,345.9,349.45,339.0,341.6,340.95,342.85,97683,33491048.3,3363,47724,48.86,5,2018,251.50201480349773,-0.0020488804331918464,Slight or No change,348.718,364.652,332.784
2018-05-22,SONATSOFTW,EQ,340.95,341.0,352.0,340.05,346.5,346.65,345.21,129881,44835681.15,5265,61941,47.69,5,2018,251.6423727307601,0.01671799384073913,Slight or No change,348.186,363.841,332.531
2018-05-23,SONATSOFTW,EQ,346.65,341.0,343.0,331.05,339.05,337.75,337.57,234897,79294863.65,8399,117568,50.05,5,2018,251.87148782832543,-0.02567431126496456,Slight or No change,347.582,364.19,330.975
2018-05-24,SONATSOFTW,EQ,337.75,341.25,348.0,340.0,347.5,345.4,344.84,125434,43254456.35,8711,69592,55.48,5,2018,252.00418977123013,0.022649888971132404,Slight or No change,348.204,363.669,332.738
2018-05-25,SONATSOFTW,EQ,345.4,348.85,353.6,345.0,349.5,348.95,350.09,120344,42130841.3,7564,74656,62.04,5,2018,252.1359792327486,0.01027793862188764,Slight or No change,348.957,363.356,334.558
2018-05-28,SONATSOFTW,EQ,348.95,352.3,379.8,349.3,373.0,372.85,368.49,562359,207221846.3,15407,167199,29.73,5,2018,252.89796780197602,0.06849118784926223,Slight or No change,349.975,368.681,331.269
2018-05-29,SONATSOFTW,EQ,372.85,375.0,383.4,365.6,372.4,371.9,374.51,381642,142928019.4,9327,73152,19.17,5,2018,253.40557895677696,-0.0025479415314471066,Slight or No change,350.482,371.196,329.768
2018-05-30,SONATSOFTW,EQ,371.9,373.5,375.5,360.5,369.0,368.4,367.95,154553,56867384.5,5063,74143,47.97,5,2018,253.60388012137776,-0.009411132024737869,Slight or No change,351.421,374.161,328.682
2018-05-31,SONATSOFTW,EQ,368.4,371.9,379.0,360.05,376.2,372.65,372.2,643405,239476217.5,17122,473273,73.56,5,2018,254.45240411814729,0.011536373507057496,Slight or No change,352.779,378.2,327.357
2018-06-01,SONATSOFTW,EQ,372.65,377.35,378.0,360.0,364.45,364.45,369.47,127972,47281766.35,5966,58542,45.75,6,2018,254.6081251765628,-0.0220045619213739,Slight or No change,353.961,379.938,327.983
2018-06-04,SONATSOFTW,EQ,364.45,367.85,371.85,350.0,354.0,352.55,359.06,116071,41676758.4,5353,51429,44.31,6,2018,254.73372355978358,-0.032651941281382824,Slight or No change,354.246,380.055,328.438
2018-06-05,SONATSOFTW,EQ,352.55,354.8,354.8,306.45,315.0,316.15,327.05,310917,101683926.05,9542,116878,37.59,6,2018,254.9439709349313,-0.10324776627428743,Slight or No change,351.918,384.781,319.054
2018-06-06,SONATSOFTW,EQ,316.15,317.95,318.5,297.0,310.0,309.1,309.68,419649,129956597.7,18772,199750,47.6,6,2018,255.19304792069016,-0.02229954135695067,Slight or No change,349.243,389.298,309.188
2018-06-07,SONATSOFTW,EQ,309.1,312.0,331.7,312.0,329.8,327.35,325.65,303318,98774883.9,15610,97676,32.2,6,2018,255.43212372973815,0.059042381106437995,Slight or No change,348.221,389.811,306.632
2018-06-08,SONATSOFTW,EQ,327.35,325.0,338.0,322.0,334.85,334.2,334.03,241907,80804970.05,10906,83407,34.48,6,2018,255.63971579601747,0.020925614785397784,Slight or No change,347.739,389.845,305.634
2018-06-11,SONATSOFTW,EQ,334.2,335.95,335.95,330.85,331.4,332.3,333.3,102705,34231092.15,6169,51515,50.16,6,2018,255.72539778042002,-0.0056852184320764785,Slight or No change,346.714,389.625,303.803
2018-06-12,SONATSOFTW,EQ,332.3,333.75,339.5,331.5,335.75,336.1,336.4,135021,45420982.95,6753,57300,42.44,6,2018,255.84332389606453,0.0114354498946736,Slight or No change,346.596,389.622,303.571
2018-06-13,SONATSOFTW,EQ,336.1,337.7,338.0,325.1,328.05,328.25,332.13,108362,35990364.25,5783,52443,48.4,6,2018,255.92848364497462,-0.023356144004760604,Slight or No change,345.371,389.506,301.237
2018-06-14,SONATSOFTW,EQ,328.25,328.0,328.25,319.7,321.6,322.9,322.89,113450,36631876.1,6732,52376,46.17,6,2018,256.01084793131656,-0.01629855293221638,Slight or No change,343.511,389.166,297.855
2018-06-15,SONATSOFTW,EQ,322.9,323.15,332.7,321.5,324.75,323.4,327.71,137685,45120905.05,4697,42488,30.86,6,2018,256.1112801835519,0.0015484670176524329,Slight or No change,339.979,383.456,296.502
2018-06-18,SONATSOFTW,EQ,323.4,324.65,324.65,315.7,318.0,318.45,319.21,82929,26471544.05,2279,39612,47.77,6,2018,256.16718783168443,-0.015306122448979553,Slight or No change,336.161,376.861,295.46
2018-06-19,SONATSOFTW,EQ,318.45,317.8,317.8,310.7,316.5,313.35,313.17,116302,36422870.9,3804,59544,51.2,6,2018,256.2390191302452,-0.016015073009891582,Slight or No change,332.229,370.047,294.41
2018-06-20,SONATSOFTW,EQ,313.35,314.05,321.9,314.05,318.3,319.0,318.64,85701,27308109.35,4078,32674,38.13,6,2018,256.297060121108,0.018030955800223403,Slight or No change,328.396,358.696,298.097
2018-06-21,SONATSOFTW,EQ,319.0,320.85,324.7,315.3,316.5,316.1,320.74,88774,28473712.15,3386,34082,38.39,6,2018,256.35429380411773,-0.009090909090909037,Slight or No change,324.943,347.598,302.287
2018-06-22,SONATSOFTW,EQ,316.1,317.3,324.85,314.65,315.5,316.4,319.17,139959,44670816.85,3980,40613,29.02,6,2018,256.44475688408585,0.0009490667510279047,Slight or No change,322.361,338.868,305.853
2018-06-25,SONATSOFTW,EQ,316.4,316.4,324.45,315.9,321.0,322.2,321.78,161747,52046739.55,6705,56489,34.92,6,2018,256.5590446412104,0.018331226295828174,Slight or No change,322.793,338.912,306.674
2018-06-26,SONATSOFTW,EQ,322.2,319.9,321.7,315.25,318.0,317.65,318.03,155969,49602406.45,11781,86527,55.48,6,2018,256.6612611464219,-0.014121663563004372,Slight or No change,323.404,337.849,308.958
2018-06-27,SONATSOFTW,EQ,317.65,318.4,322.45,300.0,307.75,307.0,310.57,262499,81524449.2,13907,140702,53.6,6,2018,256.80261724532033,-0.03352746733826528,Slight or No change,321.95,338.61,305.29
2018-06-28,SONATSOFTW,EQ,307.0,309.5,314.95,301.75,304.9,304.2,305.4,109632,33481139.8,8288,57672,52.61,6,2018,256.8581395167813,-0.009120521172638507,Slight or No change,319.807,337.373,302.241
2018-06-29,SONATSOFTW,EQ,304.2,306.05,315.0,304.4,313.25,313.05,310.77,154475,48005921.3,6940,88401,57.23,6,2018,256.95073523413697,0.029092702169625232,Slight or No change,318.432,334.755,302.109
2018-07-02,SONATSOFTW,EQ,313.05,313.0,315.8,305.35,305.9,306.35,310.71,80749,25089202.0,3301,40099,49.66,7,2018,256.9932503130964,-0.02140233189586327,Slight or No change,316.307,330.302,302.312
2018-07-03,SONATSOFTW,EQ,306.35,307.8,307.95,295.45,300.5,300.35,301.88,103355,31200814.4,6217,49105,47.51,7,2018,257.04095877472827,-0.019585441488493505,Slight or No change,314.314,328.916,299.713
2018-07-04,SONATSOFTW,EQ,300.35,300.85,303.95,294.0,296.1,296.85,299.52,72623,21751958.25,2368,36292,49.97,7,2018,257.0717146045437,-0.011653071416680594,Slight or No change,312.454,328.869,296.038
2018-07-05,SONATSOFTW,EQ,296.85,298.85,300.0,285.1,285.95,286.5,288.74,122091,35252854.25,4455,59426,48.67,7,2018,257.1098876178241,-0.034866093986862134,Slight or No change,309.818,330.064,289.571
2018-07-06,SONATSOFTW,EQ,286.5,285.9,291.7,281.0,282.35,283.55,284.4,149793,42600458.4,4336,57380,38.31,7,2018,257.15189948949217,-0.010296684118673571,Slight or No change,307.325,331.253,283.397
2018-07-09,SONATSOFTW,EQ,283.55,284.5,290.05,280.0,281.6,282.1,283.85,171085,48562428.05,8523,102914,60.15,7,2018,257.197093323886,-0.005113736554399506,Slight or No change,305.093,332.216,277.969
2018-07-10,SONATSOFTW,EQ,282.1,283.7,283.9,273.05,276.0,275.9,276.3,457097,126296896.8,29365,324581,71.01,7,2018,257.2871778852807,-0.02197802197802212,Slight or No change,302.014,331.974,272.055
2018-07-11,SONATSOFTW,EQ,275.9,277.4,284.6,272.4,277.6,277.05,279.43,464638,129832296.15,21026,256111,55.12,7,2018,257.383466608876,0.004168176875679608,Slight or No change,299.225,330.765,267.685
2018-07-12,SONATSOFTW,EQ,277.05,281.85,323.7,278.0,317.0,316.0,306.0,2181060,667399178.9,44998,356173,16.33,7,2018,258.69409252120863,0.14058834145461094,Slight or No change,299.196,330.67,267.723
2018-07-13,SONATSOFTW,EQ,316.0,316.25,343.0,311.1,335.85,339.55,329.8,3638645,1200036201.3,57028,383717,10.55,7,2018,261.6017100917958,0.07452531645569628,Slight or No change,300.436,336.798,264.074
2018-07-16,SONATSOFTW,EQ,339.55,332.0,334.7,317.0,321.05,320.5,322.42,797757,257215601.95,14446,281831,35.33,7,2018,262.06244224732893,-0.05610366661758215,Slight or No change,300.639,337.446,263.833
2018-07-17,SONATSOFTW,EQ,320.5,318.0,338.9,306.3,331.1,332.5,330.18,971185,320669647.6,20802,142371,14.66,7,2018,262.72689670638727,0.03744149765990645,Slight or No change,302.461,342.961,261.96
2018-07-18,SONATSOFTW,EQ,332.5,332.5,344.0,320.0,329.05,327.7,330.75,456265,150910288.45,9488,105535,23.13,7,2018,263.01357135864157,-0.014436090225563912,Slight or No change,304.139,346.839,261.44
2018-07-19,SONATSOFTW,EQ,327.7,332.0,335.0,320.1,331.5,331.25,327.72,243599,79832106.4,6241,51278,21.05,7,2018,263.1739359448555,0.010833079035703408,Slight or No change,305.439,350.358,260.521
2018-07-20,SONATSOFTW,EQ,331.25,329.9,338.0,323.0,331.0,332.2,331.37,248309,82281206.15,7465,63744,25.67,7,2018,263.33889763968534,0.0028679245283018684,Slight or No change,307.286,354.435,260.136
2018-07-23,SONATSOFTW,EQ,332.2,332.5,339.9,326.05,336.0,336.4,335.9,328367,110297824.9,11886,115271,35.1,7,2018,263.56906985656275,0.012642986152919809,Slight or No change,309.861,359.263,260.459
2018-07-24,SONATSOFTW,EQ,336.4,338.2,354.0,338.0,347.85,347.8,347.6,558275,194055727.6,14022,187417,33.57,7,2018,264.01782247799895,0.03388822829964333,Slight or No change,313.5,366.172,260.828
2018-07-25,SONATSOFTW,EQ,347.8,351.0,359.7,345.4,349.0,350.5,353.53,478699,169236306.05,9755,131164,27.4,7,2018,264.41109799515027,0.007763082231167395,Slight or No change,318.071,371.748,264.395
2018-07-26,SONATSOFTW,EQ,350.5,350.0,354.25,347.2,350.7,349.95,350.71,106135,37222151.65,3825,43895,41.36,7,2018,264.4972553614949,-0.0015691868758915815,Slight or No change,322.814,375.067,270.562
2018-07-27,SONATSOFTW,EQ,349.95,350.8,355.0,350.0,352.95,352.6,353.3,149712,52893064.8,5443,74331,49.65,7,2018,264.6222523560349,0.0075725103586228295,Slight or No change,327.85,376.676,279.024
2018-07-30,SONATSOFTW,EQ,352.6,353.0,355.0,345.05,346.5,347.2,349.27,131365,45881202.9,6976,68554,52.19,7,2018,264.7249252748639,-0.015314804310833876,Slight or No change,332.943,372.403,293.483
2018-07-31,SONATSOFTW,EQ,347.2,347.9,349.7,343.95,344.9,344.9,346.12,78098,27031272.15,3264,40198,51.47,7,2018,264.78414570882575,-0.006624423963133674,Slight or No change,337.789,360.998,314.58
2018-08-01,SONATSOFTW,EQ,344.9,344.9,357.1,342.6,356.5,354.75,349.47,263841,92203998.9,8831,153331,58.11,8,2018,265.00808480338526,0.02855900260945199,Slight or No change,340.557,361.725,319.389
2018-08-02,SONATSOFTW,EQ,354.75,356.0,359.0,336.0,337.1,337.7,347.21,241619,83891998.65,8064,122557,50.72,8,2018,265.1734097032256,-0.04806201550387601,Slight or No change,340.425,361.643,319.207
2018-08-03,SONATSOFTW,EQ,337.7,339.8,344.0,325.8,329.0,330.0,332.22,152343,50610828.8,6301,69532,45.64,8,2018,265.2662367285124,-0.0228013029315961,Slight or No change,341.104,360.064,322.143
2018-08-06,SONATSOFTW,EQ,330.0,331.0,336.0,323.0,323.6,323.9,327.15,116026,37958273.4,8435,67408,58.1,8,2018,265.33011136898466,-0.01848484848484855,Slight or No change,340.489,361.133,319.845
2018-08-07,SONATSOFTW,EQ,323.9,322.5,328.7,315.0,316.45,317.55,320.81,176839,56731681.3,7223,105393,59.6,8,2018,265.4166716946481,-0.019604816301327488,Slight or No change,339.764,362.905,316.624
2018-08-08,SONATSOFTW,EQ,317.55,319.3,323.7,312.3,315.4,314.4,314.95,181240,57080811.65,9921,104778,57.81,8,2018,265.49974663781984,-0.009919697685404016,Slight or No change,338.561,365.111,312.011
2018-08-09,SONATSOFTW,EQ,314.4,316.0,329.75,315.05,322.0,322.25,323.85,195538,63325374.35,9962,79106,40.46,8,2018,265.6033974583969,0.02496819338422407,Slight or No change,337.85,365.637,310.063
2018-08-10,SONATSOFTW,EQ,322.25,325.0,327.65,322.0,324.0,324.05,324.84,122371,39751522.05,7684,74807,61.13,8,2018,265.6701265832375,0.0055857253685027706,Slight or No change,336.968,365.721,308.215
2018-08-13,SONATSOFTW,EQ,324.05,322.7,339.35,317.3,336.95,333.85,331.84,476044,157970713.05,17229,123307,25.9,8,2018,265.9716050578087,0.030242246566887895,Slight or No change,335.971,364.067,307.876
2018-08-14,SONATSOFTW,EQ,333.85,338.0,340.25,323.0,325.6,326.8,326.66,444862,145318099.15,13493,276263,62.1,8,2018,266.22192405378325,-0.021117268234236986,Slight or No change,334.279,361.443,307.114
2018-08-16,SONATSOFTW,EQ,326.8,327.45,367.25,327.45,354.05,356.95,357.09,1709931,610594342.35,45982,328918,19.24,8,2018,267.63467853233976,0.09225826193390453,Slight or No change,334.779,363.404,306.153
2018-08-17,SONATSOFTW,EQ,356.95,354.7,370.0,351.7,365.0,364.8,363.15,548403,199151663.9,18586,123027,22.43,8,2018,268.1175083273257,0.021991875612831,Slight or No change,335.65,367.206,304.094
2018-08-20,SONATSOFTW,EQ,364.8,362.2,364.8,350.5,358.05,358.35,357.52,248561,88865737.2,6738,71588,28.8,8,2018,268.3202774619055,-0.017680921052631526,Slight or No change,336.446,369.771,303.122
2018-08-21,SONATSOFTW,EQ,358.35,357.9,366.95,356.5,359.95,361.1,362.15,199546,72265696.4,6021,65840,32.99,8,2018,268.48735544432583,0.0076740616715502705,Slight or No change,337.604,373.238,301.969
2018-08-23,SONATSOFTW,EQ,361.1,359.35,364.0,352.05,357.5,358.05,357.82,171517,61372700.45,5962,52327,30.51,8,2018,268.62577119156254,-0.008446413735807234,Slight or No change,337.839,374.002,301.677
2018-08-24,SONATSOFTW,EQ,358.05,359.0,360.0,348.6,349.5,350.9,353.83,91917,32522768.35,3061,36516,39.73,8,2018,268.6938562067654,-0.019969278033794224,Slight or No change,338.782,375.611,301.953
2018-08-27,SONATSOFTW,EQ,350.9,352.9,357.0,350.2,355.8,354.25,353.68,89296,31582291.85,5224,38437,43.04,8,2018,268.7625829995501,0.00954687945283572,Slight or No change,340.514,377.842,303.187
2018-08-28,SONATSOFTW,EQ,354.25,355.0,357.0,349.0,350.7,350.6,352.92,70797,24985955.4,2917,35919,50.74,8,2018,268.8146704539901,-0.010303458009879972,Slight or No change,342.421,378.809,306.034
2018-08-29,SONATSOFTW,EQ,350.6,347.65,353.1,345.2,347.8,349.3,347.98,99415,34594771.7,5334,50899,51.2,8,2018,268.88654035211727,-0.0037079292641186705,Slight or No change,344.689,378.247,311.132
2018-08-30,SONATSOFTW,EQ,349.3,348.9,349.95,344.1,349.0,348.45,347.07,59523,20658885.05,6585,31483,52.89,8,2018,268.92905560109944,-0.0024334383051818342,Slight or No change,347.121,375.804,318.439
2018-08-31,SONATSOFTW,EQ,348.45,350.0,361.0,335.05,352.05,353.6,348.4,424484,147889391.35,17014,164188,38.68,8,2018,269.25048837282554,0.014779738843449632,Slight or No change,349.361,374.334,324.387
2018-09-03,SONATSOFTW,EQ,353.6,356.0,356.9,345.0,346.35,345.75,348.59,97414,33957076.05,4320,46981,48.23,9,2018,269.31707641911504,-0.022200226244343924,Slight or No change,350.911,371.41,330.412
2018-09-04,SONATSOFTW,EQ,345.75,348.4,360.5,345.5,356.5,353.25,356.76,620720,221448885.15,14399,322984,52.03,9,2018,269.7800350695847,0.021691973969631292,Slight or No change,352.296,370.298,334.295
2018-09-05,SONATSOFTW,EQ,353.25,356.75,368.45,356.05,359.0,360.15,362.71,471114,170876424.0,15789,152529,32.38,9,2018,270.1567821581619,0.019532908704883226,Slight or No change,354.679,365.568,343.789
2018-09-06,SONATSOFTW,EQ,360.15,364.35,374.0,359.0,372.0,372.8,368.45,471600,173760030.05,14375,155912,33.06,9,2018,270.58335695362985,0.03512425378314599,Slight or No change,355.811,370.388,341.233
2018-09-07,SONATSOFTW,EQ,372.8,374.95,375.0,362.0,368.0,367.25,367.66,380771,139993193.75,8939,216707,56.91,9,2018,270.90663544418913,-0.014887339055793982,Slight or No change,355.986,371.078,340.894
2018-09-10,SONATSOFTW,EQ,367.25,370.8,370.8,356.0,363.25,361.8,362.36,317648,115101446.1,15085,145143,45.69,9,2018,271.1595097358076,-0.014840027229407691,Slight or No change,356.232,371.601,340.864
2018-09-11,SONATSOFTW,EQ,361.8,363.7,379.75,357.6,366.95,367.95,371.17,716320,265877058.3,20926,237419,33.14,9,2018,271.76297177814945,0.016998341625207303,Slight or No change,356.721,373.157,340.286
2018-09-12,SONATSOFTW,EQ,367.95,370.0,375.0,362.1,370.25,372.15,370.35,328809,121772808.85,11380,95795,29.13,9,2018,272.0494491707028,0.011414594374235644,Slight or No change,357.729,376.126,339.332
2018-09-14,SONATSOFTW,EQ,372.15,371.5,396.0,364.9,394.5,394.4,386.79,1368589,529350196.25,27441,491635,35.92,9,2018,273.48566561662557,0.05978772000537425,Slight or No change,360.836,387.223,334.448
2018-09-17,SONATSOFTW,EQ,394.4,395.0,416.5,395.0,415.2,409.8,408.14,1565915,639114370.6,32672,564679,36.06,9,2018,275.2922424558156,0.039046653144016334,Slight or No change,364.804,401.584,328.023
2018-09-18,SONATSOFTW,EQ,409.8,413.05,419.0,402.1,405.5,405.5,408.45,388692,158760452.15,15233,152769,39.3,9,2018,275.7191785253426,-0.010492923377257268,Slight or No change,368.725,410.368,327.082
2018-09-19,SONATSOFTW,EQ,405.5,408.8,428.6,406.0,418.0,413.4,416.88,789431,329095810.55,33040,235273,29.8,9,2018,276.6299836413835,0.01948212083847101,Slight or No change,373.304,419.583,327.024
2018-09-21,SONATSOFTW,EQ,413.4,419.0,421.3,335.6,385.0,388.5,388.15,1139161,442160631.3,33878,418659,36.75,9,2018,277.6878005855639,-0.060232220609579,Slight or No change,376.164,420.746,331.582
2018-09-24,SONATSOFTW,EQ,388.5,388.55,391.0,368.95,380.0,380.1,381.31,313178,119418726.85,10963,138825,44.33,9,2018,277.9533388615779,-0.021621621621621512,Slight or No change,378.057,420.721,335.393
2018-09-25,SONATSOFTW,EQ,380.1,375.2,394.75,375.2,381.0,382.25,387.1,356797,138116061.25,13899,124916,35.01,9,2018,278.26052017409205,0.005656406208892406,Slight or No change,380.664,419.073,342.256
2018-09-26,SONATSOFTW,EQ,382.25,381.1,390.0,362.75,389.0,382.65,378.54,530477,200808742.45,16260,283323,53.41,9,2018,278.71564327874927,0.001046435578809568,Slight or No change,382.764,417.781,347.748
2018-09-27,SONATSOFTW,EQ,382.65,387.0,389.0,369.0,372.0,371.1,375.88,390169,146657058.55,24533,219619,56.29,9,2018,279.0109452639965,-0.030184241473931724,Slight or No change,383.546,416.834,350.259
2018-09-28,SONATSOFTW,EQ,371.1,372.0,384.45,366.45,367.0,369.55,374.01,473866,177229487.35,14102,293114,61.86,9,2018,279.3610709284925,-0.004176771759633603,Slight or No change,383.314,416.968,349.661
2018-10-01,SONATSOFTW,EQ,369.55,360.4,365.1,353.25,356.5,359.5,357.78,214187,76632024.45,11327,105469,49.24,10,2018,279.50090423499955,-0.02719523745095387,Slight or No change,382.761,417.78,347.742
2018-10-03,SONATSOFTW,EQ,359.5,359.0,367.45,351.05,351.35,353.85,360.84,113795,41061574.1,7890,59150,51.98,10,2018,279.5697647767607,-0.015716272600834413,Slight or No change,382.193,418.893,345.492
2018-10-04,SONATSOFTW,EQ,353.85,347.9,349.9,325.0,325.0,329.8,333.59,328600,109619011.95,10047,105635,32.15,10,2018,279.70374613440976,-0.06796665253638545,Slight or No change,379.468,425.263,333.673
2018-10-05,SONATSOFTW,EQ,329.8,325.15,351.8,307.0,310.0,316.05,334.77,353905,118476503.3,16814,118509,33.49,10,2018,279.8078608519199,-0.04169193450576103,Slight or No change,375.461,432.461,318.461
2018-10-08,SONATSOFTW,EQ,316.05,313.6,328.2,310.0,315.2,319.0,315.08,418046,131718061.05,10312,288757,69.07,10,2018,279.94002746987394,0.00933396614459725,Slight or No change,370.075,433.277,306.873
2018-10-09,SONATSOFTW,EQ,319.0,318.0,324.0,312.25,320.0,318.95,318.34,125903,40079766.2,6271,42663,33.89,10,2018,279.97960690587047,-0.00015673981191222097,Slight or No change,363.586,427.865,299.307
2018-10-10,SONATSOFTW,EQ,318.95,323.0,339.4,321.5,337.15,334.45,330.51,162949,53856654.6,6671,62921,38.61,10,2018,280.0510401170746,0.04859695877096715,Slight or No change,358.511,419.679,297.343
2018-10-11,SONATSOFTW,EQ,334.45,325.2,329.8,317.0,321.35,321.85,323.71,119262,38606639.15,4880,47262,39.63,10,2018,280.0911211479568,-0.037673792794139516,Slight or No change,351.971,407.142,296.801
2018-10-12,SONATSOFTW,EQ,321.85,325.0,334.5,316.25,319.95,321.1,325.46,116916,38051407.0,5356,58756,50.25,10,2018,280.12963483555376,-0.002330278079850867,Slight or No change,347.157,400.323,293.991
2018-10-15,SONATSOFTW,EQ,321.1,321.0,340.0,321.0,337.95,337.9,333.89,279162,93209039.0,6384,149156,53.43,10,2018,280.2588911850105,0.052320149486141165,Slight or No change,344.143,393.942,294.344
2018-10-16,SONATSOFTW,EQ,337.9,340.4,349.9,337.0,341.0,342.55,343.87,129949,44685206.0,3894,34031,26.19,10,2018,280.32370049373105,0.013761467889908284,Slight or No change,341.307,386.021,296.594
2018-10-17,SONATSOFTW,EQ,342.55,343.0,347.3,339.4,344.7,344.2,343.99,80417,27662664.65,2096,37953,47.2,10,2018,280.364800933636,0.004816815063494406,Slight or No change,338.561,376.553,300.568
2018-10-19,SONATSOFTW,EQ,344.2,339.95,340.9,313.45,314.85,316.2,319.54,321087,102601728.65,12441,244712,76.21,10,2018,280.45662934717166,-0.08134805345729224,Slight or No change,334.639,369.356,299.922
2018-10-22,SONATSOFTW,EQ,316.2,318.75,324.7,304.05,305.2,306.45,311.59,157367,49034575.8,7625,73039,46.41,10,2018,280.48923370949507,-0.030834914611005737,Slight or No change,330.132,361.553,298.711
2018-10-23,SONATSOFTW,EQ,306.45,302.05,309.55,285.9,290.5,289.5,296.12,166687,49358565.9,9611,87850,52.7,10,2018,280.5011897195471,-0.05531081742535482,Slight or No change,325.132,358.631,291.633
2018-10-24,SONATSOFTW,EQ,289.5,295.0,295.25,270.4,275.8,275.3,277.49,302666,83986154.0,9735,129145,42.67,10,2018,280.4886887392237,-0.04905008635578578,Slight or No change,319.521,358.211,280.832
2018-10-25,SONATSOFTW,EQ,275.3,277.0,279.0,265.0,268.1,269.65,270.77,138376,37467651.1,7343,65489,47.33,10,2018,280.4767917164391,-0.02052306574645857,Slight or No change,315.225,361.595,268.855
2018-10-26,SONATSOFTW,EQ,269.65,275.0,285.75,269.65,272.05,274.65,278.82,247415,68983301.45,9077,98929,39.99,10,2018,280.46537858562044,0.01854255516410164,Slight or No change,312.268,363.442,261.093
2018-10-29,SONATSOFTW,EQ,274.65,277.0,288.9,275.25,282.15,282.75,283.55,172253,48842528.3,4332,58035,33.69,10,2018,280.46848986114526,0.029492080830147538,Slight or No change,309.679,363.009,256.348
2018-10-30,SONATSOFTW,EQ,282.75,283.0,293.9,283.0,287.3,286.5,289.31,106741,30881629.1,3376,39239,36.76,10,2018,280.47357553399655,0.013262599469495928,Slight or No change,307.361,361.765,252.957
2018-10-31,SONATSOFTW,EQ,286.5,291.0,313.0,287.0,309.1,308.55,302.12,332690,100512824.65,10993,110671,33.27,10,2018,280.54716790473464,0.07696335078534045,Slight or No change,305.511,357.662,253.36
2018-11-01,SONATSOFTW,EQ,308.55,310.0,314.95,305.75,310.35,310.75,311.19,108926,33897109.05,3866,38076,34.96,11,2018,280.573065409659,0.007130124777183554,Slight or No change,304.718,356.131,253.305
2018-11-02,SONATSOFTW,EQ,310.75,313.35,313.35,303.05,309.15,308.6,308.9,101948,31491489.85,5941,39191,38.44,11,2018,280.5955396292057,-0.006918744971842194,Slight or No change,303.825,354.441,253.209
2018-11-05,SONATSOFTW,EQ,308.6,313.0,322.0,309.35,310.3,312.5,316.24,204550,64687902.6,6641,78214,38.24,11,2018,280.64678834887343,0.012637718729747059,Slight or No change,302.011,349.06,254.961
2018-11-06,SONATSOFTW,EQ,312.5,312.8,326.0,312.45,321.9,320.4,320.47,161274,51683056.45,4830,59457,36.87,11,2018,280.69707110059943,0.02527999999999997,Slight or No change,300.429,342.87,257.988
2018-11-07,SONATSOFTW,EQ,320.4,323.2,331.4,323.0,330.7,329.75,329.02,113478,37336713.95,2706,65709,57.9,11,2018,280.7406898008848,0.029182272159800293,Slight or No change,299.396,337.759,261.034
2018-11-09,SONATSOFTW,EQ,329.75,333.0,338.85,330.1,337.5,335.0,334.55,102302,34225256.15,4191,41076,40.15,11,2018,280.7841514786412,0.015921152388172818,Slight or No change,300.739,342.776,258.703
2018-11-12,SONATSOFTW,EQ,335.0,337.0,343.8,328.25,338.15,338.1,339.71,106782,36274478.8,3887,47432,44.42,11,2018,280.8320318952073,0.009253731343283668,Slight or No change,303.0,349.524,256.476
2018-11-13,SONATSOFTW,EQ,338.1,333.75,337.5,329.1,334.8,335.05,334.19,73495,24561570.25,2852,34290,46.66,11,2018,280.8631875255149,-0.009020999704229538,Slight or No change,306.254,355.027,257.48
2018-11-14,SONATSOFTW,EQ,335.05,335.05,340.85,334.5,335.0,335.25,335.2,131563,44100139.1,2494,102792,78.13,11,2018,280.9190752432755,0.0005969258319653559,Slight or No change,310.536,358.115,262.956
2018-11-15,SONATSOFTW,EQ,335.25,331.2,342.0,329.1,334.9,335.15,336.49,146141,49175225.75,13796,46330,31.7,11,2018,280.9809071498695,-0.0002982848620433076,Slight or No change,315.214,358.128,272.301
2018-11-16,SONATSOFTW,EQ,335.15,331.45,344.0,329.0,329.35,331.45,335.75,100721,33817250.1,3992,30276,30.06,11,2018,281.0205347657916,-0.011039832910637036,Slight or No change,319.271,355.952,282.591
2018-11-19,SONATSOFTW,EQ,331.45,332.3,334.65,322.2,322.55,324.65,325.76,84187,27424851.05,4120,40798,48.46,11,2018,281.049149677508,-0.020515914919294054,Slight or No change,322.264,352.354,292.175
2018-11-20,SONATSOFTW,EQ,324.65,324.65,325.0,315.0,318.85,318.85,320.87,60459,19399326.0,5651,30787,50.92,11,2018,281.06694580496656,-0.017865393500692942,Slight or No change,324.575,346.765,302.385
2018-11-21,SONATSOFTW,EQ,318.85,318.85,322.15,303.15,307.8,308.65,308.57,102701,31690572.3,3823,42306,41.19,11,2018,281.08898688283017,-0.031989963932883884,Slight or No change,324.582,346.75,302.414
2018-11-22,SONATSOFTW,EQ,308.65,309.0,319.5,309.0,315.05,315.3,315.95,108258,34204602.45,3004,41496,38.33,11,2018,281.1177791642714,0.021545439818564827,Slight or No change,324.907,346.322,303.492
2018-11-26,SONATSOFTW,EQ,315.3,316.0,322.0,309.2,317.75,317.8,315.48,272623,86006246.35,6699,165258,60.62,11,2018,281.1953589879887,0.007928956549318134,Slight or No change,325.564,345.324,305.804
2018-11-27,SONATSOFTW,EQ,317.8,318.0,320.0,309.65,311.4,310.85,312.89,70194,21962777.5,4878,37322,53.17,11,2018,281.21149837033624,-0.021869100062932637,Slight or No change,325.446,345.559,305.334
2018-11-28,SONATSOFTW,EQ,310.85,313.35,314.7,304.2,304.4,306.75,310.61,61535,19113616.85,3161,30606,49.74,11,2018,281.22367717627156,-0.013189641306096234,Slight or No change,324.471,346.835,302.108
2018-11-29,SONATSOFTW,EQ,306.75,309.45,318.0,304.0,305.35,305.95,313.05,454250,142203291.5,6868,311561,68.59,11,2018,281.310416372357,-0.0026079869600652557,Slight or No change,322.771,346.951,298.592
2018-11-30,SONATSOFTW,EQ,305.95,308.4,312.0,305.45,306.45,306.4,308.47,68789,21219482.2,2879,39205,56.99,11,2018,281.3237375532032,0.0014708285667592855,Slight or No change,320.729,345.288,296.17
2018-12-03,SONATSOFTW,EQ,306.4,306.5,309.75,300.95,301.0,301.5,303.32,92885,28173702.9,5086,54525,58.7,12,2018,281.3381921283554,-0.015992167101827603,Slight or No change,318.114,342.499,293.73
2018-12-04,SONATSOFTW,EQ,301.5,304.65,308.6,301.0,301.0,302.9,305.94,126395,38669765.5,4585,46141,36.51,12,2018,281.35919172326595,0.004643449419568846,Slight or No change,315.818,339.374,292.262
2018-12-05,SONATSOFTW,EQ,302.9,302.4,302.4,295.0,300.9,298.5,298.29,124686,37192408.5,3809,80532,64.59,12,2018,281.37564406758116,-0.014526246285902822,Slight or No change,313.193,335.582,290.804
2018-12-06,SONATSOFTW,EQ,298.5,300.0,314.9,300.0,310.7,311.45,309.43,470758,145666104.9,9636,227623,48.35,12,2018,281.4842370718563,0.043383584589614665,Slight or No change,311.5,329.98,293.02
2018-12-07,SONATSOFTW,EQ,311.45,311.5,317.95,307.25,310.05,312.1,312.89,135716,42463615.4,4514,52609,38.76,12,2018,281.5160740682418,0.0020870123615348572,Slight or No change,310.118,324.642,295.594
2018-12-10,SONATSOFTW,EQ,312.1,300.0,307.0,295.0,305.0,305.1,303.62,113727,34529515.2,4257,71235,62.64,12,2018,281.5366073021683,-0.02242870874719638,Slight or No change,308.721,320.776,296.667
2018-12-11,SONATSOFTW,EQ,305.1,297.7,316.4,297.65,314.15,315.4,310.41,182101,56526388.35,6586,107858,59.23,12,2018,281.58375010987663,0.033759423139954066,Slight or No change,308.475,319.754,297.196
2018-12-12,SONATSOFTW,EQ,315.4,315.5,320.8,313.4,319.0,318.0,317.36,131986,41886781.5,7354,80130,60.71,12,2018,281.6204578579897,0.008243500317057784,Slight or No change,309.143,321.52,296.766
2018-12-13,SONATSOFTW,EQ,318.0,320.0,321.9,315.2,315.6,318.05,318.54,135172,43057685.6,5146,67081,49.63,12,2018,281.658026630094,0.00015723270440259896,Slight or No change,309.339,322.215,296.464
2018-12-14,SONATSOFTW,EQ,318.05,318.05,322.0,315.2,317.25,317.85,318.95,130735,41698555.1,5443,59317,45.37,12,2018,281.6940892873841,-0.0006288319446627888,Slight or No change,309.343,322.228,296.457
2018-12-17,SONATSOFTW,EQ,317.85,318.15,321.95,314.1,315.75,315.3,318.51,65965,21010286.8,2721,41573,63.02,12,2018,281.7109767550889,-0.008022652194431323,Slight or No change,309.661,322.92,296.401
2018-12-18,SONATSOFTW,EQ,315.3,315.5,316.35,310.7,310.75,311.5,312.15,80188,25030675.9,3969,45885,57.22,12,2018,281.72916269394614,-0.012052013954963579,Slight or No change,310.0,323.182,296.818
2018-12-19,SONATSOFTW,EQ,311.5,313.0,316.0,306.0,309.25,308.95,309.45,99213,30701571.55,4290,53581,54.01,12,2018,281.749707981789,-0.00818619582664526,Slight or No change,310.214,323.209,297.22
2018-12-20,SONATSOFTW,EQ,308.95,309.0,312.55,305.0,305.55,305.5,307.16,70551,21670776.6,3082,41516,58.85,12,2018,281.7624483290399,-0.011166855478232708,Slight or No change,310.15,323.234,297.066
2018-12-21,SONATSOFTW,EQ,305.5,306.9,308.65,301.0,301.95,301.6,303.33,67109,20356496.95,2771,40872,60.9,12,2018,281.77256543806726,-0.012765957446808418,Slight or No change,310.157,323.221,297.093
2018-12-24,SONATSOFTW,EQ,301.6,302.2,304.45,300.05,302.0,301.75,301.64,57077,17216915.5,3381,34649,60.71,12,2018,281.7812270776508,0.0004973474801059918,Slight or No change,310.075,323.348,296.802
2018-12-26,SONATSOFTW,EQ,301.75,298.85,300.4,295.95,298.65,298.15,297.73,44218,13164811.2,2067,27476,62.14,12,2018,281.7867233547719,-0.011930405965203006,Slight or No change,310.05,323.418,296.682
2018-12-27,SONATSOFTW,EQ,298.15,302.0,306.3,300.0,300.0,301.1,301.57,98539,29716063.55,2640,63972,64.92,12,2018,281.8011642016815,0.009894348482307748,Slight or No change,309.311,323.467,295.154
2018-12-28,SONATSOFTW,EQ,301.1,301.1,304.45,299.05,300.1,300.1,300.24,90808,27264607.4,5213,59333,65.34,12,2018,281.8137643881953,-0.003321155762205264,Slight or No change,308.454,323.318,293.589
2018-12-31,SONATSOFTW,EQ,300.1,302.0,305.0,301.05,303.0,302.65,302.59,42897,12980010.05,3500,21747,50.7,12,2018,281.82053977883214,0.00849716761079633,Slight or No change,308.279,323.369,293.188
2019-01-01,SONATSOFTW,EQ,302.65,303.3,304.0,300.2,302.5,302.45,301.94,36231,10939639.75,1081,19084,52.67,1,2019,281.8262039593398,-0.0006608293408226772,Slight or No change,307.354,322.148,292.559
2019-01-02,SONATSOFTW,EQ,302.45,302.85,307.8,300.35,300.4,301.55,303.3,74736,22667657.75,3043,31798,42.55,1,2019,281.83736856405704,-0.0029756984625557426,Slight or No change,306.179,319.905,292.452
2019-01-03,SONATSOFTW,EQ,301.55,301.55,303.0,295.0,295.55,295.25,298.38,111409,33242664.05,6622,78551,70.51,1,2019,281.84867669839457,-0.020892057701873638,Slight or No change,304.55,317.603,291.497
2019-01-04,SONATSOFTW,EQ,295.25,296.0,299.0,294.0,295.0,295.55,295.28,80326,23718817.45,4685,56872,70.8,1,2019,281.85700030280657,0.0010160880609653145,Slight or No change,302.957,314.357,291.558
2019-01-07,SONATSOFTW,EQ,295.55,299.0,301.4,295.0,295.0,295.75,297.27,35909,10674498.25,2335,15464,43.06,1,2019,281.8607723245248,0.0006767044493316554,Slight or No change,301.561,311.082,292.04
2019-01-08,SONATSOFTW,EQ,295.75,295.0,310.5,294.3,309.5,308.35,303.76,262166,79634349.05,12225,134045,51.13,1,2019,281.913175849052,0.04260355029585816,Slight or No change,301.336,309.951,292.721
2019-01-09,SONATSOFTW,EQ,308.35,310.0,311.5,301.2,304.05,305.1,305.08,92901,28342055.95,8010,49830,53.64,1,2019,281.9294190697393,-0.010539970812388557,Slight or No change,301.061,308.833,293.288
2019-01-10,SONATSOFTW,EQ,305.1,306.7,306.7,296.25,298.0,298.15,301.04,77409,23303119.2,8843,47544,61.42,1,2019,281.9388817663921,-0.022779416584726486,Slight or No change,300.536,308.004,293.068
2019-01-11,SONATSOFTW,EQ,298.15,299.0,303.0,295.5,297.05,297.55,297.46,105576,31404142.0,5412,82731,78.36,1,2019,281.95129288323614,-0.0020124098608081953,Slight or No change,300.246,307.849,292.643
2019-01-14,SONATSOFTW,EQ,297.55,296.1,300.0,295.1,298.0,297.2,297.42,62894,18705996.15,2506,40690,64.7,1,2019,281.95851140465464,-0.0011762728953117474,Slight or No change,299.921,307.636,292.207
2019-01-15,SONATSOFTW,EQ,297.2,297.0,306.45,297.0,304.45,305.05,303.84,106024,32213977.2,6038,48239,45.5,1,2019,281.9769240289309,0.026413189771197887,Slight or No change,300.414,308.513,292.315
2019-01-16,SONATSOFTW,EQ,305.05,305.8,309.85,303.95,306.3,306.9,307.13,77135,23690847.6,4690,52456,68.01,1,2019,281.99137379561574,0.006064579577118368,Slight or No change,300.829,309.641,292.017
2019-01-17,SONATSOFTW,EQ,306.9,307.0,332.0,307.0,312.15,312.4,322.48,1169379,377103800.25,24781,239997,20.52,1,2019,282.25632094856417,0.017921146953405076,Slight or No change,301.707,312.448,290.967
2019-01-18,SONATSOFTW,EQ,312.4,312.9,314.9,304.0,307.25,306.15,309.89,136964,42444415.6,3884,67321,49.15,1,2019,282.28067962301566,-0.02000640204865556,Slight or No change,301.957,312.952,290.962
2019-01-21,SONATSOFTW,EQ,306.15,306.0,317.4,301.0,313.8,313.1,311.92,218258,68079385.25,7250,128487,58.87,1,2019,282.33066609210584,0.0227012902172139,Slight or No change,302.718,315.229,290.207
2019-01-22,SONATSOFTW,EQ,313.1,313.1,322.3,310.0,315.5,316.85,317.19,133964,42491806.1,5800,54507,40.69,1,2019,282.3649963933255,0.01197700415202818,Slight or No change,303.811,318.385,289.236
2019-01-23,SONATSOFTW,EQ,316.85,315.5,325.5,315.5,321.0,321.35,322.32,190118,61278019.2,6968,74106,38.98,1,2019,282.41994230515036,0.014202303929303994,Slight or No change,305.675,322.093,289.257
2019-01-24,SONATSOFTW,EQ,321.35,324.9,324.9,316.65,320.35,321.0,320.92,69068,22165011.7,2468,32758,47.43,1,2019,282.43968616272093,-0.0010891551268088495,Slight or No change,307.493,324.698,290.287
2019-01-25,SONATSOFTW,EQ,321.0,321.75,325.0,312.6,321.2,318.3,318.23,116743,37151698.7,4399,71188,60.98,1,2019,282.4706790247804,-0.00841121495327102,Slight or No change,309.104,325.788,292.419
2019-01-28,SONATSOFTW,EQ,318.3,319.5,322.0,309.15,313.8,316.2,314.91,131829,41513802.85,4829,93496,70.92,1,2019,282.5035650708407,-0.006597549481621168,Slight or No change,309.664,326.762,292.567
2019-01-29,SONATSOFTW,EQ,316.2,315.0,318.6,312.2,316.95,316.95,316.34,40465,12800584.5,2594,21401,52.89,1,2019,282.5138709957929,0.0023719165085389626,Slight or No change,310.511,327.807,293.214
2019-01-30,SONATSOFTW,EQ,316.95,314.4,348.0,314.4,322.0,327.65,322.75,61994,20008366.8,2640,37899,61.13,1,2019,282.53455040364474,0.03375926802334739,Slight or No change,312.618,330.602,294.634
2019-01-31,SONATSOFTW,EQ,327.65,322.6,327.15,318.9,321.0,321.05,322.81,44934,14505000.55,2551,23837,53.05,1,2019,282.5473362648893,-0.020143445750038014,Slight or No change,314.296,330.523,298.07
2019-02-01,SONATSOFTW,EQ,321.05,320.1,330.0,318.65,324.25,326.6,326.44,147318,48090953.7,6396,95690,64.95,2,2019,282.59522964704985,0.017287026942843786,Slight or No change,316.396,330.572,302.221
2019-02-04,SONATSOFTW,EQ,326.6,324.9,329.0,323.0,324.9,325.0,324.59,49059,15924132.7,3338,31136,63.47,2,2019,282.6105766550372,-0.004898958971218725,Slight or No change,317.821,331.064,304.579
2019-02-05,SONATSOFTW,EQ,325.0,324.0,327.95,323.45,325.0,325.35,325.65,26612,8666216.25,2402,14624,54.95,2,2019,282.61896567508217,0.0010769230769231974,Slight or No change,319.139,331.33,306.948
2019-02-06,SONATSOFTW,EQ,325.35,331.0,332.4,317.1,327.5,326.55,328.97,263951,86831793.7,4627,217321,82.33,2,2019,282.7043258159509,0.0036883356385430943,Slight or No change,320.15,332.28,308.02
2019-02-07,SONATSOFTW,EQ,326.55,326.55,332.4,326.15,329.15,328.85,328.26,159644,52404926.25,1926,138753,86.91,2,2019,282.75849270510787,0.007043331802174312,Slight or No change,321.771,331.711,311.832
2019-02-08,SONATSOFTW,EQ,328.85,328.25,337.45,324.6,331.7,333.55,332.66,140644,46787160.15,5124,64720,46.02,2,2019,282.81096302691935,0.014292230500227987,Slight or No change,323.232,333.68,312.784
2019-02-11,SONATSOFTW,EQ,333.55,332.05,333.55,322.4,325.15,325.95,327.12,125844,41166274.05,4806,87594,69.61,2,2019,282.8508015403671,-0.022785189626742697,Slight or No change,323.882,333.735,314.029
2019-02-12,SONATSOFTW,EQ,325.95,325.95,334.45,325.0,330.35,330.3,330.73,70896,23447298.6,5935,42612,60.1,2,2019,282.87547470688975,0.013345605154164721,Slight or No change,324.521,334.818,314.225
2019-02-13,SONATSOFTW,EQ,330.3,334.9,341.9,331.5,334.8,335.4,336.53,170176,57269195.45,7960,73674,43.29,2,2019,282.9409523427208,0.015440508628519424,Slight or No change,325.55,337.128,313.972
2019-02-14,SONATSOFTW,EQ,335.4,336.0,337.1,325.55,330.35,332.6,333.64,60740,20265039.2,6228,41430,68.21,2,2019,282.9630381115618,-0.008348240906380311,Slight or No change,326.571,337.915,315.228
2019-02-15,SONATSOFTW,EQ,332.6,332.4,337.0,325.1,333.2,329.85,330.04,176393,58216400.45,7045,136182,77.2,2,2019,283.0235181730863,-0.008268190018039691,Slight or No change,327.546,337.283,317.81
2019-02-18,SONATSOFTW,EQ,329.85,329.85,330.0,323.05,325.05,326.35,326.58,48637,15883716.15,5343,32910,67.66,2,2019,283.0389225647315,-0.010610883735031051,Slight or No change,328.218,335.883,320.553
2019-02-19,SONATSOFTW,EQ,326.35,330.0,337.0,325.3,337.0,334.9,334.19,135590,45313092.7,11249,86841,64.05,2,2019,283.0902752659528,0.026198866247893138,Slight or No change,328.736,337.176,320.296
2019-02-20,SONATSOFTW,EQ,334.9,334.95,353.0,334.85,345.45,344.65,342.84,490993,168332586.75,14402,311597,63.46,2,2019,283.31021901250773,0.029113168109883517,Slight or No change,330.421,341.318,319.525
2019-02-21,SONATSOFTW,EQ,344.65,347.0,351.0,336.05,338.3,338.45,346.3,463145,160386521.95,9126,378320,81.69,2,2019,283.4954273204158,-0.017989264471202637,Slight or No change,331.268,342.713,319.822
2019-02-22,SONATSOFTW,EQ,338.45,336.0,343.55,335.15,336.2,336.9,339.05,55805,18920890.5,3810,25713,46.08,2,2019,283.517032320549,-0.004579701580735729,Slight or No change,332.118,343.323,320.913
2019-02-25,SONATSOFTW,EQ,336.9,339.35,345.0,337.25,342.0,341.55,342.45,307760,105393229.7,9924,266986,86.75,2,2019,283.64622021020875,0.013802315227070537,Slight or No change,333.275,344.811,321.739
2019-02-26,SONATSOFTW,EQ,341.55,339.0,346.5,334.85,342.5,343.0,342.7,492876,168906591.2,19183,415766,84.36,2,2019,283.8570710573191,0.004245352071438946,Slight or No change,334.45,346.379,322.521
2019-02-27,SONATSOFTW,EQ,343.0,343.2,348.5,334.3,340.0,336.95,345.13,399106,137742712.65,5824,347872,87.16,2,2019,284.0093594302253,-0.017638483965014662,Slight or No change,335.029,346.567,323.49
2019-02-28,SONATSOFTW,EQ,336.95,338.0,342.35,335.1,337.5,338.1,338.39,89479,30279108.75,3394,47986,53.63,2,2019,284.0441215183949,0.0034129692832765013,Slight or No change,335.354,346.969,323.738
2019-03-01,SONATSOFTW,EQ,338.1,340.5,344.9,337.5,338.25,339.95,340.75,325809,111017794.95,8239,221778,68.07,3,2019,284.17463881764166,0.005471753918958822,Slight or No change,336.354,346.837,325.87
2019-03-05,SONATSOFTW,EQ,339.95,338.9,347.0,338.85,340.0,340.25,343.42,112054,38481507.5,6475,67199,59.97,3,2019,284.21962699548214,0.0008824827180466953,Slight or No change,337.064,347.12,327.009
2019-03-06,SONATSOFTW,EQ,340.25,341.0,344.0,335.2,335.6,336.4,339.24,96966,32894350.25,8066,56132,57.89,3,2019,284.2558282993885,-0.011315209404849423,Slight or No change,337.136,347.155,327.117
2019-03-07,SONATSOFTW,EQ,336.4,339.55,342.8,336.3,337.75,338.95,339.45,64412,21864784.5,5768,36619,56.85,3,2019,284.28102277285967,0.007580261593341353,Slight or No change,337.589,347.294,327.885
2019-03-08,SONATSOFTW,EQ,338.95,340.0,340.0,330.0,330.0,331.05,333.96,64496,21539316.45,2706,30865,47.86,3,2019,284.30258471303836,-0.023307272459064717,Slight or No change,337.675,347.102,328.248
2019-03-11,SONATSOFTW,EQ,331.05,330.0,333.7,330.0,332.5,332.45,332.15,233054,77409280.05,3022,211839,90.9,3,2019,284.38266098118487,0.004228968433771296,Slight or No change,338.111,345.66,330.561
2019-03-12,SONATSOFTW,EQ,332.45,334.8,338.75,330.0,330.1,331.7,334.11,76644,25607863.55,4822,48206,62.9,3,2019,284.4085273393338,-0.002255978342607934,Slight or No change,337.882,346.021,329.743
2019-03-13,SONATSOFTW,EQ,331.7,333.7,335.5,325.0,327.55,328.8,331.48,194329,64417004.5,6787,145718,74.99,3,2019,284.4699703444953,-0.008742839915586331,Slight or No change,336.75,345.236,328.264
2019-03-14,SONATSOFTW,EQ,328.8,329.25,334.0,327.55,329.0,330.25,330.77,73069,24168923.5,8316,40730,55.74,3,2019,284.49378358780615,0.00440997566909962,Slight or No change,336.164,345.255,327.074
2019-03-15,SONATSOFTW,EQ,330.25,332.8,333.0,318.0,321.6,322.45,325.89,78168,25474319.1,3181,51167,65.46,3,2019,284.51489316951063,-0.023618470855412577,Slight or No change,335.132,346.783,323.481
2019-03-18,SONATSOFTW,EQ,322.45,323.85,325.45,320.0,320.05,320.95,322.06,51577,16610727.55,4650,32271,62.57,3,2019,284.52825864755243,-0.004651884013025298,Slight or No change,333.661,346.914,320.408
2019-03-19,SONATSOFTW,EQ,320.95,321.0,327.65,318.5,321.9,322.0,321.37,109701,35254158.45,6389,79334,72.32,3,2019,284.55747218304333,0.003271537622682619,Slight or No change,332.161,345.612,318.709
2019-03-20,SONATSOFTW,EQ,322.0,323.9,334.45,323.0,334.0,330.1,329.44,225752,74372371.25,7824,87328,38.68,3,2019,284.6304216613899,0.025155279503105588,Slight or No change,331.671,344.869,318.474
2019-03-22,SONATSOFTW,EQ,330.1,333.15,341.0,330.25,331.95,332.4,333.39,117327,39115563.75,6274,46804,39.89,3,2019,284.67015558355064,0.0069675855801269995,Slight or No change,331.264,343.949,318.58
2019-03-25,SONATSOFTW,EQ,332.4,330.0,332.0,325.25,327.6,327.35,327.35,92899,30410811.1,9331,69111,74.39,3,2019,284.6982461176262,-0.015192539109506463,Slight or No change,330.364,342.15,318.578
2019-03-26,SONATSOFTW,EQ,327.35,326.4,333.75,326.05,331.5,330.65,328.93,81738,26885768.3,4609,56436,69.04,3,2019,284.72484116716777,0.010080953108293713,Slight or No change,329.679,340.015,319.342
2019-03-27,SONATSOFTW,EQ,330.65,331.5,339.0,331.5,336.2,337.85,335.43,96297,32301298.45,2284,65560,68.08,3,2019,284.76103975944784,0.02177529109330112,Slight or No change,329.782,340.433,319.131
2019-03-28,SONATSOFTW,EQ,337.85,340.0,346.6,333.5,333.5,335.15,340.98,184740,62992385.55,13568,95461,51.67,3,2019,284.8268218517871,-0.00799171229835738,Slight or No change,329.511,339.315,319.706
2019-03-29,SONATSOFTW,EQ,335.15,336.9,340.0,335.0,339.7,337.7,337.3,57263,19314644.95,2061,30790,53.77,3,2019,284.84820861966205,0.007608533492466041,Slight or No change,329.986,340.712,319.259
2019-04-01,SONATSOFTW,EQ,337.7,340.0,344.2,339.95,341.5,341.4,341.72,60896,20809255.95,1878,40741,66.9,4,2019,284.8725241643369,0.010956470239857907,Slight or No change,330.625,342.934,318.316
2019-04-02,SONATSOFTW,EQ,341.4,341.85,349.95,340.55,349.4,348.3,346.66,215923,74851376.55,8048,95904,44.42,4,2019,284.9690766801818,0.020210896309314608,Slight or No change,331.811,347.342,316.279
2019-04-03,SONATSOFTW,EQ,348.3,355.0,364.1,348.5,354.0,352.3,358.54,379487,136061876.9,13050,131362,34.62,4,2019,285.14873129839185,0.01148435256962399,Slight or No change,333.489,352.343,314.635
2019-04-04,SONATSOFTW,EQ,352.3,348.7,351.85,341.0,346.55,345.85,345.03,122715,42340420.5,4678,67807,55.26,4,2019,285.201060941456,-0.01830826000567698,Slight or No change,334.604,354.451,314.756
2019-04-05,SONATSOFTW,EQ,345.85,346.6,350.0,345.0,345.25,346.45,347.15,51552,17896271.3,4806,34489,66.9,4,2019,285.22323469350766,0.0017348561515106995,Slight or No change,336.318,355.785,316.85
2019-04-08,SONATSOFTW,EQ,346.45,349.0,349.3,342.85,346.0,346.7,345.95,122711,42451708.6,5741,87181,71.05,4,2019,285.2761663532032,0.0007216048491844872,Slight or No change,338.157,356.182,320.132
2019-04-09,SONATSOFTW,EQ,346.7,346.05,348.35,333.3,339.9,339.55,339.96,134984,45888743.55,6468,86346,63.97,4,2019,285.327521345453,-0.02062301701759439,Slight or No change,339.411,354.851,323.97
2019-04-10,SONATSOFTW,EQ,339.55,338.1,342.5,335.5,337.6,338.75,338.59,60675,20544086.25,3639,40191,66.24,4,2019,285.35023353573587,-0.002356059490502216,Slight or No change,340.029,354.528,325.529
2019-04-11,SONATSOFTW,EQ,338.75,338.0,341.0,330.45,334.0,333.6,334.68,47157,15782599.25,1723,32296,68.49,4,2019,285.36617114244586,-0.015202952029520269,Slight or No change,340.114,354.432,325.796
2019-04-12,SONATSOFTW,EQ,333.6,333.75,336.9,330.85,334.1,334.85,334.13,35113,11732433.8,1661,18565,52.87,4,2019,285.3783387768368,0.0037470023980814564,Slight or No change,340.65,353.385,327.915
2019-04-15,SONATSOFTW,EQ,334.85,336.85,341.35,334.45,339.85,338.45,338.66,28961,9807895.45,2736,15902,54.91,4,2019,285.3891000358454,0.01075108257428692,Slight or No change,341.207,352.677,329.738
2019-04-16,SONATSOFTW,EQ,338.45,341.0,343.85,338.0,338.5,339.05,340.26,30438,10356743.6,1483,14370,47.21,4,2019,285.4005332508658,0.0017727877086719523,Slight or No change,341.293,352.672,329.914
2019-04-18,SONATSOFTW,EQ,339.05,337.0,341.3,331.0,336.4,333.2,333.83,50384,16819796.35,2011,31392,62.31,4,2019,285.417385460744,-0.017254092316767555,Slight or No change,341.154,352.898,329.409
2019-04-22,SONATSOFTW,EQ,333.2,335.0,335.25,327.1,330.5,330.5,331.09,68596,22711134.15,1660,53154,77.49,4,2019,285.43901466988314,-0.008103241296518626,Slight or No change,340.639,353.603,327.676
2019-04-23,SONATSOFTW,EQ,330.5,327.1,331.75,326.0,327.45,327.25,329.9,67023,22110677.25,1477,53263,79.47,4,2019,285.45860507802996,-0.009833585476550666,Slight or No change,339.629,354.415,324.842
2019-04-24,SONATSOFTW,EQ,327.25,329.45,333.15,327.1,330.0,330.55,330.19,46270,15277923.85,1851,31708,68.53,4,2019,285.47318589746527,0.010084033613445342,Slight or No change,338.361,352.987,323.734
2019-04-25,SONATSOFTW,EQ,330.55,330.6,333.95,330.0,330.15,332.15,332.47,29746,9889774.55,2449,17940,60.31,4,2019,285.48288716024337,0.004840417486008164,Slight or No change,336.921,349.455,324.388
2019-04-26,SONATSOFTW,EQ,332.15,333.8,336.0,327.0,330.0,330.1,331.59,26603,8821291.1,2641,14198,53.37,4,2019,285.49117897991766,-0.0061719102814992155,Slight or No change,335.796,347.689,323.904
2019-04-30,SONATSOFTW,EQ,330.1,327.1,335.0,325.35,329.5,331.35,330.67,54879,18147025.75,2799,25167,45.86,4,2019,285.5087533747466,0.0037867312935473407,Slight or No change,334.718,345.09,324.346
2019-05-02,SONATSOFTW,EQ,331.35,330.0,334.0,330.0,332.0,331.2,331.63,27787,9214997.35,1759,18069,65.03,5,2019,285.5176176189181,-0.00045269352648269484,Slight or No change,333.611,341.48,325.741
2019-05-03,SONATSOFTW,EQ,331.2,334.4,334.4,323.15,330.0,328.05,326.44,70304,22950021.7,4388,34732,49.4,5,2019,285.53848431384466,-0.009510869565217295,Slight or No change,332.789,340.384,325.194
2019-05-06,SONATSOFTW,EQ,328.05,325.0,334.8,321.55,329.0,329.85,327.97,119013,39032822.25,3723,85542,71.88,5,2019,285.57525522494336,0.005486968449931462,Slight or No change,332.154,339.058,325.249
2019-05-07,SONATSOFTW,EQ,329.85,331.2,345.55,330.0,341.8,340.5,339.72,177235,60210761.2,6202,83876,47.32,5,2019,285.64304661771365,0.03228740336516589,Slight or No change,332.646,340.857,324.436
2019-05-08,SONATSOFTW,EQ,340.5,347.0,347.0,333.1,335.5,338.1,337.34,69025,23284578.45,4327,33470,48.49,5,2019,285.6682499397421,-0.007048458149779724,Slight or No change,332.879,341.53,324.227
2019-05-09,SONATSOFTW,EQ,338.1,337.0,337.0,331.65,332.0,332.95,333.6,36413,12147467.0,1737,19095,52.44,5,2019,285.6802308068854,-0.015232179828453263,Slight or No change,332.486,340.525,324.447
2019-05-10,SONATSOFTW,EQ,332.95,330.05,335.0,330.05,333.0,332.85,332.03,35325,11729018.0,3454,20903,59.17,5,2019,285.69182331541236,-0.0003003453972066916,Slight or No change,332.043,339.154,324.932
2019-05-13,SONATSOFTW,EQ,332.85,334.6,342.0,332.0,337.7,339.8,338.57,99259,33606229.05,4240,55470,55.88,5,2019,285.7291624711837,0.020880276400781158,Slight or No change,332.514,340.743,324.286
